Workbook

Sheet راهنما
A1: دفتر حسابداری ساختمان «دنگ» — نمونه اولیه (Prototype)
A3: این کارپوشه نمونه اولیه قواعد مالی برنامه اندرویدی «دنگ» است و تمام داده‌های آن ساختگی (نمونه) هستند.
A4: موتور محاسبه اصلی در برنامه (کاتلین) پیاده‌سازی و آزمون شده است؛ این فایل برای اعتبارسنجی قواعد است.
A6: راهنمای رنگ‌ها:
A7: • سلول زرد با متن آبی = ورودی قابل ویرایش
A8: • سلول سفید با متن سیاه = محاسبه با فرمول (ویرایش نکنید)
A9: • متن سبز = پیوند به برگه دیگر
A10: • برگه «کنترل‌ها» باید همه موارد را «درست» نشان دهد.
A12: قواعد کلیدی:
A13: • مبالغ به کوچک‌ترین واحد پول (ریال) و به صورت عدد صحیح ثبت می‌شوند.
A14: • سهم هر واحد = مبلغ × وزن واحد ÷ مجموع وزن‌ها؛ سپس به مضرب «واحد گرد کردن» کاهش می‌یابد.
A15: • باقیمانده گرد کردن به روش «بزرگ‌ترین باقیمانده» توزیع می‌شود (تساوی: ترتیب واحد)؛ هیچ باقیمانده‌ای حذف نمی‌شود.
... A24: برنامه اصلی تاریخچه سکونت، چند دوره، تعرفه پلکانی آب و اصلاحیه پس از قطعی شدن را پشتیبانی می‌کند.
A26: نمونه سلول ورودی | B26: =1+1

Sheet تنظیمات
A1: تنظیمات ساختمان و دوره
A3: عنوان | B3: مقدار
A4: نام ساختمان | B4: ساختمان نمونه ۹ واحدی
A5: نشانی | B5: نشانی نمونه — ساختگی
A6: واحد پول | B6: ریال
A7: واحد گرد کردن سهم‌ها (ریال) | B7: 1000
A8: نام دوره | B8: مهر ۱۴۰۵ (نمونه)
A9: شروع دوره (شمسی) | B9: 1405/07/01
A10: پایان دوره (شمسی) | B10: 1405/07/30
A11: تقویم | B11: هجری شمسی
A12: مبنای تسهیم سهم مشترک آب | B12: مساوی

Sheet واحدها
A1: واحدها و ساکنان
A2: تعداد ساکنان «نمونه» است و باید توسط مدیر ساختمان اصلاح شود.
A4: شناسه واحد | B4: طبقه | C4: شماره واحد | D4: متراژ (m²) | E4: تعداد ساکنان (نمونه) | F4: فعال | G4: یادداشت | H4: ترتیب | I4: مصرف آب دوره (m³) | J4: مصرف (لیتر) | K4: پارکینگ تخصیصی | L4: پارکینگ در استفاده
A5: 1-1 | B5: 1 | C5: 1 | D5: 60 | E5: 2 | F5: بله | H5: =ROW()-4 | I5: =SUMIFS('کنتورها'!$I$5:$I$30,'کنتورها'!$C$5:$C$30,A5,'کنتورها'!$B$5:$B$30,"واحد") | J5: =ROUND(I5*1000,0) | K5: =COUNTIFS('پارکینگ'!$B$5:$B$30,A5) | L5: =COUNTIFS('پارکینگ'!$B$5:$B$30,A5,'پارکینگ'!$D$5:$D$30,"بله")
A6: 1-2 | B6: 1 | C6: 2 | D6: 60 | E6: 1 | F6: بله | H6: =ROW()-4 | I6: =SUMIFS('کنتورها'!$I$5:$I$30,'کنتورها'!$C$5:$C$30,A6,'کنتورها'!$B$5:$B$30,"واحد") | J6: =ROUND(I6*1000,0) | K6: =COUNTIFS('پارکینگ'!$B$5:$B$30,A6) | L6: =COUNTIFS('پارکینگ'!$B$5:$B$30,A6,'پارکینگ'!$D$5:$D$30,"بله")
A7: 1-3 | B7: 1 | C7: 3 | D7: 70 | E7: 3 | F7: بله | H7: =ROW()-4 | I7: =SUMIFS('کنتورها'!$I$5:$I$30,'کنتورها'!$C$5:$C$30,A7,'کنتورها'!$B$5:$B$30,"واحد") | J7: =ROUND(I7*1000,0) | K7: =COUNTIFS('پارکینگ'!$B$5:$B$30,A7) | L7: =COUNTIFS('پارکینگ'!$B$5:$B$30,A7,'پارکینگ'!$D$5:$D$30,"بله")
A8: 2-1 | B8: 2 | C8: 1 | D8: 156 | E8: 4 | F8: بله | H8: =ROW()-4 | I8: =SUMIFS('کنتورها'!$I$5:$I$30,'کنتورها'!$C$5:$C$30,A8,'کنتورها'!$B$5:$B$30,"واحد") | J8: =ROUND(I8*1000,0) | K8: =COUNTIFS('پارکینگ'!$B$5:$B$30,A8) | L8: =COUNTIFS('پارکینگ'!$B$5:$B$30,A8,'پارکینگ'!$D$5:$D$30,"بله")
A9: 2-2 | B9: 2 | C9: 2 | D9: 100 | E9: 2 | F9: بله | H9: =ROW()-4 | I9: =SUMIFS('کنتورها'!$I$5:$I$30,'کنتورها'!$C$5:$C$30,A9,'کنتورها'!$B$5:$B$30,"واحد") | J9: =ROUND(I9*1000,0) | K9: =COUNTIFS('پارکینگ'!$B$5:$B$30,A9) | L9: =COUNTIFS('پارکینگ'!$B$5:$B$30,A9,'پارکینگ'!$D$5:$D$30,"بله")
A10: 3-1 | B10: 3 | C10: 1 | D10: 156 | E10: 5 | F10: بله | H10: =ROW()-4 | I10: =SUMIFS('کنتورها'!$I$5:$I$30,'کنتورها'!$C$5:$C$30,A10,'کنتورها'!$B$5:$B$30,"واحد") | J10: =ROUND(I10*1000,0) | K10: =COUNTIFS('پارکینگ'!$B$5:$B$30,A10) | L10: =COUNTIFS('پارکینگ'!$B$5:$B$30,A10,'پارکینگ'!$D$5:$D$30,"بله")
A11: 3-2 | B11: 3 | C11: 2 | D11: 100 | E11: 3 | F11: بله | H11: =ROW()-4 | I11: =SUMIFS('کنتورها'!$I$5:$I$30,'کنتورها'!$C$5:$C$30,A11,'کنتورها'!$B$5:$B$30,"واحد") | J11: =ROUND(I11*1000,0) | K11: =COUNTIFS('پارکینگ'!$B$5:$B$30,A11) | L11: =COUNTIFS('پارکینگ'!$B$5:$B$30,A11,'پارکینگ'!$D$5:$D$30,"بله")
A12: 4-1 | B12: 4 | C12: 1 | D12: 156 | E12: 4 | F12: بله | H12: =ROW()-4 | I12: =SUMIFS('کنتورها'!$I$5:$I$30,'کنتورها'!$C$5:$C$30,A12,'کنتورها'!$B$5:$B$30,"واحد") | J12: =ROUND(I12*1000,0) | K12: =COUNTIFS('پارکینگ'!$B$5:$B$30,A12) | L12: =COUNTIFS('پارکینگ'!$B$5:$B$30,A12,'پارکینگ'!$D$5:$D$30,"بله")
A13: 4-2 | B13: 4 | C13: 2 | D13: 100 | E13: 2 | F13: بله | H13: =ROW()-4 | I13: =SUMIFS('کنتورها'!$I$5:$I$30,'کنتورها'!$C$5:$C$30,A13,'کنتورها'!$B$5:$B$30,"واحد") | J13: =ROUND(I13*1000,0) | K13: =COUNTIFS('پارکینگ'!$B$5:$B$30,A13) | L13: =COUNTIFS('پارکینگ'!$B$5:$B$30,A13,'پارکینگ'!$D$5:$D$30,"بله")
A14: جمع | D14: =SUM(D5:D13) | E14: =SUM(E5:E13) | I14: =SUM(I5:I13) | J14: =SUM(J5:J13) | K14: =SUM(K5:K13) | L14: =SUM(L5:L13)

Sheet پارکینگ
A1: فهرست و تخصیص پارکینگ
A2: تخصیص‌ها ساختگی‌اند. مالکیت/تخصیص از «استفاده واقعی» جداست؛ مسئولیت هزینه با سیاست هر هزینه تعیین می‌شود.
A4: شناسه جای پارک | B4: واحد | C4: نوع رابطه | D4: در استفاده | E4: خودرو / یادداشت
A5: P1 | B5: 2-1 | C5: مالکیت | D5: بله | E5: خودرو نمونه A
A6: P2 | B6: 2-1 | C6: مالکیت | D6: خیر
A7: P3 | B7: 3-1 | C7: مالکیت | D7: بله | E7: خودرو نمونه B
A8: P4 | B8: 3-1 | C8: مالکیت | D8: بله | E8: خودرو نمونه C
A9: P5 | B9: 4-1 | C9: مالکیت | D9: بله | E9: خودرو نمونه D
A10: P6 | B10: 2-2 | C10: تخصیص | D10: بله | E10: خودرو نمونه E
A11: P7 | B11: 3-2 | C11: اجاره | D11: بله | E11: خودرو نمونه F
A12: P8 | D12: خیر | E12: بدون تخصیص

Sheet کنتورها
A1: قرائت کنتورهای آب (m³)
A2: قرائت‌ها ساختگی‌اند. مصرف منفی بدون علامت گردش کنتور «خطا» است و در کنترل‌ها گزارش می‌شود.
A4: شناسه کنتور | B4: نقش | C4: واحد | D4: قرائت قبلی | E4: قرائت فعلی | F4: گردش کنتور؟ | G4: حد گردش (m³) | H4: یادداشت / تعویض | I4: مصرف (m³) | J4: وضعیت | L4: تطبیق کنتور اصلی
A5: M-MAIN | B5: اصلی | D5: 5120 | E5: 5262 | F5: خیر | H5: کنتور اصلی ساختمان | I5: =IF(OR(D5="",E5=""),0,IF(E5>=D5,E5-D5,IF(AND(F5="بله",G5>0),G5-D5+E5,0))) | J5: =IF(A5="","",IF(OR(D5="",E5=""),"قرائت ناقص",IF(E5>=D5,"عادی",IF(AND(F5="بله",G5>0),"گردش کنتور","خطا: مصرف منفی")))) | L5: مصرف کنتور اصلی (m³) | M5: =SUMIFS(I5:I30,B5:B30,"اصلی")
A6: M-11 | B6: واحد | C6: 1-1 | D6: 310.2 | E6: 322.7 | F6: خیر | I6: =IF(OR(D6="",E6=""),0,IF(E6>=D6,E6-D6,IF(AND(F6="بله",G6>0),G6-D6+E6,0))) | J6: =IF(A6="","",IF(OR(D6="",E6=""),"قرائت ناقص",IF(E6>=D6,"عادی",IF(AND(F6="بله",G6>0),"گردش کنتور","خطا: مصرف منفی")))) | L6: مجموع مصرف کنتورهای واحد (m³) | M6: =SUMIFS(I5:I30,B5:B30,"واحد")
A7: M-12 | B7: واحد | C7: 1-2 | D7: 205 | E7: 205 | F7: خیر | H7: مصرف صفر (نمونه) | I7: =IF(OR(D7="",E7=""),0,IF(E7>=D7,E7-D7,IF(AND(F7="بله",G7>0),G7-D7+E7,0))) | J7: =IF(A7="","",IF(OR(D7="",E7=""),"قرائت ناقص",IF(E7>=D7,"عادی",IF(AND(F7="بله",G7>0),"گردش کنتور","خطا: مصرف منفی")))) | L7: مصرف تخصیص‌نیافته (m³) | M7: =M5-M6
A8: M-13 | B8: واحد | C8: 1-3 | D8: 9998.5 | E8: 3.2 | F8: بله | G8: 10000 | H8: گردش کنتور از ۹۹۹۹ به صفر | I8: =IF(OR(D8="",E8=""),0,IF(E8>=D8,E8-D8,IF(AND(F8="بله",G8>0),G8-D8+E8,0))) | J8: =IF(A8="","",IF(OR(D8="",E8=""),"قرائت ناقص",IF(E8>=D8,"عادی",IF(AND(F8="بله",G8>0),"گردش کنتور","خطا: مصرف منفی")))) | L8: درصد تخصیص‌نیافته | M8: =IF(M5=0,0,M7/M5)
A9: M-21 | B9: واحد | C9: 2-1 | D9: 1402.3 | E9: 1421.1 | F9: خیر | I9: =IF(OR(D9="",E9=""),0,IF(E9>=D9,E9-D9,IF(AND(F9="بله",G9>0),G9-D9+E9,0))) | J9: =IF(A9="","",IF(OR(D9="",E9=""),"قرائت ناقص",IF(E9>=D9,"عادی",IF(AND(F9="بله",G9>0),"گردش کنتور","خطا: مصرف منفی")))) | L9: تعداد خطای قرائت | M9: =COUNTIF(J5:J30,"خطا*")
A10: M-22-OLD | B10: واحد | C10: 2-2 | D10: 812 | E10: 815.4 | F10: خیر | H10: کنتور قدیم - قرائت نهایی هنگام تعویض | I10: =IF(OR(D10="",E10=""),0,IF(E10>=D10,E10-D10,IF(AND(F10="بله",G10>0),G10-D10+E10,0))) | J10: =IF(A10="","",IF(OR(D10="",E10=""),"قرائت ناقص",IF(E10>=D10,"عادی",IF(AND(F10="بله",G10>0),"گردش کنتور","خطا: مصرف منفی")))) | L10: تعداد قرائت ناقص | M10: =COUNTIF(J5:J30,"قرائت ناقص")
A11: M-22-NEW | B11: واحد | C11: 2-2 | D11: 0 | E11: 6.1 | F11: خیر | H11: کنتور جدید - قرائت اولیه صفر | I11: =IF(OR(D11="",E11=""),0,IF(E11>=D11,E11-D11,IF(AND(F11="بله",G11>0),G11-D11+E11,0))) | J11: =IF(A11="","",IF(OR(D11="",E11=""),"قرائت ناقص",IF(E11>=D11,"عادی",IF(AND(F11="بله",G11>0),"گردش کنتور","خطا: مصرف منفی"))))
A12: M-31 | B12: واحد | C12: 3-1 | D12: 1650 | E12: 1672.4 | F12: خیر | I12: =IF(OR(D12="",E12=""),0,IF(E12>=D12,E12-D12,IF(AND(F12="بله",G12>0),G12-D12+E12,0))) | J12: =IF(A12="","",IF(OR(D12="",E12=""),"قرائت ناقص",IF(E12>=D12,"عادی",IF(AND(F12="بله",G12>0),"گردش کنتور","خطا: مصرف منفی"))))
A13: M-32 | B13: واحد | C13: 3-2 | D13: 980.5 | E13: 994.2 | F13: خیر | I13: =IF(OR(D13="",E13=""),0,IF(E13>=D13,E13-D13,IF(AND(F13="بله",G13>0),G13-D13+E13,0))) | J13: =IF(A13="","",IF(OR(D13="",E13=""),"قرائت ناقص",IF(E13>=D13,"عادی",IF(AND(F13="بله",G13>0),"گردش کنتور","خطا: مصرف منفی"))))
A14: M-41 | B14: واحد | C14: 4-1 | D14: 1710 | E14: 1731.3 | F14: خیر | I14: =IF(OR(D14="",E14=""),0,IF(E14>=D14,E14-D14,IF(AND(F14="بله",G14>0),G14-D14+E14,0))) | J14: =IF(A14="","",IF(OR(D14="",E14=""),"قرائت ناقص",IF(E14>=D14,"عادی",IF(AND(F14="بله",G14>0),"گردش کنتور","خطا: مصرف منفی"))))
A15: M-42 | B15: واحد | C15: 4-2 | D15: 1005 | E15: 1017.6 | F15: خیر | I15: =IF(OR(D15="",E15=""),0,IF(E15>=D15,E15-D15,IF(AND(F15="بله",G15>0),G15-D15+E15,0))) | J15: =IF(A15="","",IF(OR(D15="",E15=""),"قرائت ناقص",IF(E15>=D15,"عادی",IF(AND(F15="بله",G15>0),"گردش کنتور","خطا: مصرف منفی"))))
I16: =IF(OR(D16="",E16=""),0,IF(E16>=D16,E16-D16,IF(AND(F16="بله",G16>0),G16-D16+E16,0))) | J16: =IF(A16="","",IF(OR(D16="",E16=""),"قرائت ناقص",IF(E16>=D16,"عادی",IF(AND(F16="بله",G16>0),"گردش کنتور","خطا: مصرف منفی"))))
I17: =IF(OR(D17="",E17=""),0,IF(E17>=D17,E17-D17,IF(AND(F17="بله",G17>0),G17-D17+E17,0))) | J17: =IF(A17="","",IF(OR(D17="",E17=""),"قرائت ناقص",IF(E17>=D17,"عادی",IF(AND(F17="بله",G17>0),"گردش کنتور","خطا: مصرف منفی"))))
I18: =IF(OR(D18="",E18=""),0,IF(E18>=D18,E18-D18,IF(AND(F18="بله",G18>0),G18-D18+E18,0))) | J18: =IF(A18="","",IF(OR(D18="",E18=""),"قرائت ناقص",IF(E18>=D18,"عادی",IF(AND(F18="بله",G18>0),"گردش کنتور","خطا: مصرف منفی"))))
I19: =IF(OR(D19="",E19=""),0,IF(E19>=D19,E19-D19,IF(AND(F19="بله",G19>0),G19-D19+E19,0))) | J19: =IF(A19="","",IF(OR(D19="",E19=""),"قرائت ناقص",IF(E19>=D19,"عادی",IF(AND(F19="بله",G19>0),"گردش کنتور","خطا: مصرف منفی"))))
I20: =IF(OR(D20="",E20=""),0,IF(E20>=D20,E20-D20,IF(AND(F20="بله",G20>0),G20-D20+E20,0))) | J20: =IF(A20="","",IF(OR(D20="",E20=""),"قرائت ناقص",IF(E20>=D20,"عادی",IF(AND(F20="بله",G20>0),"گردش کنتور","خطا: مصرف منفی"))))
I21: =IF(OR(D21="",E21=""),0,IF(E21>=D21,E21-D21,IF(AND(F21="بله",G21>0),G21-D21+E21,0))) | J21: =IF(A21="","",IF(OR(D21="",E21=""),"قرائت ناقص",IF(E21>=D21,"عادی",IF(AND(F21="بله",G21>0),"گردش کنتور","خطا: مصرف منفی"))))
I22: =IF(OR(D22="",E22=""),0,IF(E22>=D22,E22-D22,IF(AND(F22="بله",G22>0),G22-D22+E22,0))) | J22: =IF(A22="","",IF(OR(D22="",E22=""),"قرائت ناقص",IF(E22>=D22,"عادی",IF(AND(F22="بله",G22>0),"گردش کنتور","خطا: مصرف منفی"))))
I23: =IF(OR(D23="",E23=""),0,IF(E23>=D23,E23-D23,IF(AND(F23="بله",G23>0),G23-D23+E23,0))) | J23: =IF(A23="","",IF(OR(D23="",E23=""),"قرائت ناقص",IF(E23>=D23,"عادی",IF(AND(F23="بله",G23>0),"گردش کنتور","خطا: مصرف منفی"))))
I24: =IF(OR(D24="",E24=""),0,IF(E24>=D24,E24-D24,IF(AND(F24="بله",G24>0),G24-D24+E24,0))) | J24: =IF(A24="","",IF(OR(D24="",E24=""),"قرائت ناقص",IF(E24>=D24,"عادی",IF(AND(F24="بله",G24>0),"گردش کنتور","خطا: مصرف منفی"))))
I25: =IF(OR(D25="",E25=""),0,IF(E25>=D25,E25-D25,IF(AND(F25="بله",G25>0),G25-D25+E25,0))) | J25: =IF(A25="","",IF(OR(D25="",E25=""),"قرائت ناقص",IF(E25>=D25,"عادی",IF(AND(F25="بله",G25>0),"گردش کنتور","خطا: مصرف منفی"))))
I26: =IF(OR(D26="",E26=""),0,IF(E26>=D26,E26-D26,IF(AND(F26="بله",G26>0),G26-D26+E26,0))) | J26: =IF(A26="","",IF(OR(D26="",E26=""),"قرائت ناقص",IF(E26>=D26,"عادی",IF(AND(F26="بله",G26>0),"گردش کنتور","خطا: مصرف منفی"))))
I27: =IF(OR(D27="",E27=""),0,IF(E27>=D27,E27-D27,IF(AND(F27="بله",G27>0),G27-D27+E27,0))) | J27: =IF(A27="","",IF(OR(D27="",E27=""),"قرائت ناقص",IF(E27>=D27,"عادی",IF(AND(F27="بله",G27>0),"گردش کنتور","خطا: مصرف منفی"))))
... I30: =IF(OR(D30="",E30=""),0,IF(E30>=D30,E30-D30,IF(AND(F30="بله",G30>0),G30-D30+E30,0))) | J30: =IF(A30="","",IF(OR(D30="",E30=""),"قرائت ناقص",IF(E30>=D30,"عادی",IF(AND(F30="بله",G30>0),"گردش کنتور","خطا: مصرف منفی"))))

Sheet دوره‌ها
A1: دوره‌های صورتحساب
A4: شناسه دوره | B4: نام | C4: شروع | D4: پایان | E4: مهلت پرداخت | F4: وضعیت
A5: 1405-07 | B5: مهر ۱۴۰۵ (نمونه) | C5: 1405/07/01 | D5: 1405/07/30 | E5: 1405/08/10 | F5: پیش‌نویس
A7: وضعیت «قطعی» یعنی ورودی‌ها، قواعد و نتایج دوره ثابت می‌شوند و اصلاح فقط با سند تعدیل مرتبط انجام می‌شود.

Sheet دسته‌ها
A1: دسته‌های هزینه و سیاست پیش‌فرض تسهیم
A2: نمونه‌اند، نه قاعده حقوقی. هر ساختمان سیاست خود را انتخاب می‌کند.
A4: دسته | B4: مبنای پیش‌فرض | C4: صندوق پیش‌فرض | D4: مربوط به آب؟ | E4: فعال
A5: نظافت | B5: نفر | C5: عملیاتی | D5: خیر | E5: بله
A6: هزینه‌های عمومی | B6: مساوی | C6: عملیاتی | D6: خیر | E6: بله
A7: تعمیر و نگهداری ساختمان | B7: متراژ | C7: عملیاتی | D7: خیر | E7: بله
A8: آب | B8: مصرف + سهم مشترک | C8: عملیاتی | D8: بله | E8: بله
A9: برق پارکینگ | B9: پارکینگ (در استفاده) | C9: عملیاتی | D9: خیر | E9: بله
A10: سرویس آسانسور | B10: وزنی | C10: عملیاتی | D10: خیر | E10: بله
A11: تعمیرات اختصاصی | B11: مبلغ صریح | C11: عملیاتی | D11: خیر | E11: بله
A12: تعمیرات اضطراری | B12: بدون تسهیم (صندوق) | C12: اندوخته | D12: خیر | E12: بله
A13: اندوخته | B13: مساوی | C13: اندوخته | D13: خیر | E13: بله
A14: برق مشاعات | B14: متراژ | C14: عملیاتی | D14: خیر | E14: بله
A15: لوله‌کشی | B15: مساوی | C15: عملیاتی | D15: خیر | E15: بله
... A19: سایر | B19: مساوی | C19: عملیاتی | D19: خیر | E19: بله

Sheet هزینه‌ها
A1: ثبت هزینه‌ها (تعهد) — پرداخت به تامین‌کننده جداگانه ثبت می‌شود
A4: شناسه | B4: تاریخ | C4: شرح | D4: دسته | E4: تامین‌کننده | F4: مبلغ (ریال) | G4: مبنای تسهیم | H4: صندوق | I4: دوره | J4: پرداخت‌شده | K4: مانده بدهی | L4: وضعیت پرداخت | M4: مرجع سند | N4: یادداشت
A5: E1 | B5: 1405/07/05 | C5: نظافت راه‌پله - مهر | D5: نظافت | E5: شرکت خدماتی نمونه | F5: 9000000 | G5: نفر | H5: عملیاتی | I5: 1405-07 | J5: =SUMIFS('پرداخت‌ها'!$C$5:$C$34,'پرداخت‌ها'!$B$5:$B$34,A5) | K5: =N(F5)-J5 | L5: =IF(N(F5)=0,"",IF(J5=0,"پرداخت‌نشده",IF(J5<F5,"پرداخت جزئی",IF(J5=F5,"پرداخت‌شده","پرداخت مازاد!"))))
A6: E2 | B6: 1405/07/05 | C6: هزینه‌های عمومی ماهانه | D6: هزینه‌های عمومی | F6: 4500000 | G6: مساوی | H6: عملیاتی | I6: 1405-07 | J6: =SUMIFS('پرداخت‌ها'!$C$5:$C$34,'پرداخت‌ها'!$B$5:$B$34,A6) | K6: =N(F6)-J6 | L6: =IF(N(F6)=0,"",IF(J6=0,"پرداخت‌نشده",IF(J6<F6,"پرداخت جزئی",IF(J6=F6,"پرداخت‌شده","پرداخت مازاد!"))))
A7: E3 | B7: 1405/07/12 | C7: سرویس موتورخانه و نگهداری | D7: تعمیر و نگهداری ساختمان | E7: تاسیسات نمونه | F7: 12000000 | G7: متراژ | H7: عملیاتی | I7: 1405-07 | J7: =SUMIFS('پرداخت‌ها'!$C$5:$C$34,'پرداخت‌ها'!$B$5:$B$34,A7) | K7: =N(F7)-J7 | L7: =IF(N(F7)=0,"",IF(J7=0,"پرداخت‌نشده",IF(J7<F7,"پرداخت جزئی",IF(J7=F7,"پرداخت‌شده","پرداخت مازاد!"))))
A8: E4 | B8: 1405/07/28 | C8: قبض آب دوره | D8: آب | E8: شرکت آب (نمونه) | F8: 18000000 | G8: مصرف + سهم مشترک | H8: عملیاتی | I8: 1405-07 | J8: =SUMIFS('پرداخت‌ها'!$C$5:$C$34,'پرداخت‌ها'!$B$5:$B$34,A8) | K8: =N(F8)-J8 | L8: =IF(N(F8)=0,"",IF(J8=0,"پرداخت‌نشده",IF(J8<F8,"پرداخت جزئی",IF(J8=F8,"پرداخت‌شده","پرداخت مازاد!"))))
A9: E5 | B9: 1405/07/28 | C9: قبض برق پارکینگ | D9: برق پارکینگ | E9: شرکت برق (نمونه) | F9: 1600000 | G9: پارکینگ (در استفاده) | H9: عملیاتی | I9: 1405-07 | J9: =SUMIFS('پرداخت‌ها'!$C$5:$C$34,'پرداخت‌ها'!$B$5:$B$34,A9) | K9: =N(F9)-J9 | L9: =IF(N(F9)=0,"",IF(J9=0,"پرداخت‌نشده",IF(J9<F9,"پرداخت جزئی",IF(J9=F9,"پرداخت‌شده","پرداخت مازاد!"))))
A10: E6 | B10: 1405/07/15 | C10: سرویس ماهانه آسانسور | D10: سرویس آسانسور | E10: آسانسور نمونه | F10: 6000000 | G10: وزنی | H10: عملیاتی | I10: 1405-07 | J10: =SUMIFS('پرداخت‌ها'!$C$5:$C$34,'پرداخت‌ها'!$B$5:$B$34,A10) | K10: =N(F10)-J10 | L10: =IF(N(F10)=0,"",IF(J10=0,"پرداخت‌نشده",IF(J10<F10,"پرداخت جزئی",IF(J10=F10,"پرداخت‌شده","پرداخت مازاد!"))))
A11: E7 | B11: 1405/07/20 | C11: تعمیر درب ورودی واحدها | D11: تعمیرات اختصاصی | E11: تعمیرکار نمونه | F11: 2500000 | G11: مبلغ صریح | H11: عملیاتی | I11: 1405-07 | J11: =SUMIFS('پرداخت‌ها'!$C$5:$C$34,'پرداخت‌ها'!$B$5:$B$34,A11) | K11: =N(F11)-J11 | L11: =IF(N(F11)=0,"",IF(J11=0,"پرداخت‌نشده",IF(J11<F11,"پرداخت جزئی",IF(J11=F11,"پرداخت‌شده","پرداخت مازاد!"))))
A12: E8 | B12: 1405/07/22 | C12: تعمیر اضطراری لوله اصلی | D12: تعمیرات اضطراری | E12: لوله‌کش نمونه | F12: 3000000 | G12: بدون تسهیم (صندوق) | H12: اندوخته | I12: 1405-07 | J12: =SUMIFS('پرداخت‌ها'!$C$5:$C$34,'پرداخت‌ها'!$B$5:$B$34,A12) | K12: =N(F12)-J12 | L12: =IF(N(F12)=0,"",IF(J12=0,"پرداخت‌نشده",IF(J12<F12,"پرداخت جزئی",IF(J12=F12,"پرداخت‌شده","پرداخت مازاد!"))))
A13: E9 | J13: =SUMIFS('پرداخت‌ها'!$C$5:$C$34,'پرداخت‌ها'!$B$5:$B$34,A13) | K13: =N(F13)-J13 | L13: =IF(N(F13)=0,"",IF(J13=0,"پرداخت‌نشده",IF(J13<F13,"پرداخت جزئی",IF(J13=F13,"پرداخت‌شده","پرداخت مازاد!"))))
A14: E10 | J14: =SUMIFS('پرداخت‌ها'!$C$5:$C$34,'پرداخت‌ها'!$B$5:$B$34,A14) | K14: =N(F14)-J14 | L14: =IF(N(F14)=0,"",IF(J14=0,"پرداخت‌نشده",IF(J14<F14,"پرداخت جزئی",IF(J14=F14,"پرداخت‌شده","پرداخت مازاد!"))))
A15: E11 | J15: =SUMIFS('پرداخت‌ها'!$C$5:$C$34,'پرداخت‌ها'!$B$5:$B$34,A15) | K15: =N(F15)-J15 | L15: =IF(N(F15)=0,"",IF(J15=0,"پرداخت‌نشده",IF(J15<F15,"پرداخت جزئی",IF(J15=F15,"پرداخت‌شده","پرداخت مازاد!"))))
A16: E12 | J16: =SUMIFS('پرداخت‌ها'!$C$5:$C$34,'پرداخت‌ها'!$B$5:$B$34,A16) | K16: =N(F16)-J16 | L16: =IF(N(F16)=0,"",IF(J16=0,"پرداخت‌نشده",IF(J16<F16,"پرداخت جزئی",IF(J16=F16,"پرداخت‌شده","پرداخت مازاد!"))))
C17: جمع | F17: =SUM(F5:F16) | J17: =SUM(J5:J16) | K17: =SUM(K5:K16)

Sheet اقلام شارژ
A1: اقلام شارژ دوره‌ای (مثل حق اندوخته)
A2: این اقلام هزینه نیستند؛ مستقیماً به واحدها شارژ می‌شوند.
A4: شناسه | B4: عنوان | C4: دسته | D4: صندوق | E4: مبلغ کل (ریال) | F4: مبنای تسهیم | G4: فعال
A5: C1 | B5: حق اندوخته ماهانه | C5: اندوخته | D5: اندوخته | E5: 9000000 | F5: مساوی | G5: بله
A6: C2
A7: C3
A8: C4
A9: C5

Sheet شمول
A1: شمول واحدها در هر هزینه/قلم (۱ = مشمول، ۰ = مستثنا)
A2: برای تسهیم میان زیرمجموعه‌ای از واحدها، واحدهای غیرمشمول را ۰ کنید.
A4: منبع | B4: 1-1 | C4: 1-2 | D4: 1-3 | E4: 2-1 | F4: 2-2 | G4: 3-1 | H4: 3-2 | I4: 4-1 | J4: 4-2 | K4: جمع ردیف
A5: E1 | B5: 1 | C5: 1 | D5: 1 | E5: 1 | F5: 1 | G5: 1 | H5: 1 | I5: 1 | J5: 1 | K5: =SUM(B5:J5)
A6: E2 | B6: 1 | C6: 1 | D6: 1 | E6: 1 | F6: 1 | G6: 1 | H6: 1 | I6: 1 | J6: 1 | K6: =SUM(B6:J6)
A7: E3 | B7: 1 | C7: 1 | D7: 1 | E7: 1 | F7: 1 | G7: 1 | H7: 1 | I7: 1 | J7: 1 | K7: =SUM(B7:J7)
A8: E4 | B8: 1 | C8: 1 | D8: 1 | E8: 1 | F8: 1 | G8: 1 | H8: 1 | I8: 1 | J8: 1 | K8: =SUM(B8:J8)
A9: E5 | B9: 1 | C9: 1 | D9: 1 | E9: 1 | F9: 1 | G9: 1 | H9: 1 | I9: 1 | J9: 1 | K9: =SUM(B9:J9)
A10: E6 | B10: 1 | C10: 1 | D10: 1 | E10: 1 | F10: 1 | G10: 1 | H10: 1 | I10: 1 | J10: 1 | K10: =SUM(B10:J10)
A11: E7 | B11: 1 | C11: 1 | D11: 1 | E11: 1 | F11: 1 | G11: 1 | H11: 1 | I11: 1 | J11: 1 | K11: =SUM(B11:J11)
A12: E8 | B12: 1 | C12: 1 | D12: 1 | E12: 1 | F12: 1 | G12: 1 | H12: 1 | I12: 1 | J12: 1 | K12: =SUM(B12:J12)
A13: E9 | B13: 1 | C13: 1 | D13: 1 | E13: 1 | F13: 1 | G13: 1 | H13: 1 | I13: 1 | J13: 1 | K13: =SUM(B13:J13)
A14: E10 | B14: 1 | C14: 1 | D14: 1 | E14: 1 | F14: 1 | G14: 1 | H14: 1 | I14: 1 | J14: 1 | K14: =SUM(B14:J14)
A15: E11 | B15: 1 | C15: 1 | D15: 1 | E15: 1 | F15: 1 | G15: 1 | H15: 1 | I15: 1 | J15: 1 | K15: =SUM(B15:J15)
A16: E12 | B16: 1 | C16: 1 | D16: 1 | E16: 1 | F16: 1 | G16: 1 | H16: 1 | I16: 1 | J16: 1 | K16: =SUM(B16:J16)
... A21: C5 | B21: 1 | C21: 1 | D21: 1 | E21: 1 | F21: 1 | G21: 1 | H21: 1 | I21: 1 | J21: 1 | K21: =SUM(B21:J21)

Sheet وزن‌ها
A1: وزن یا مبلغ صریح هر واحد (فقط برای مبنای «وزنی» و «مبلغ صریح»)
A2: وزن‌های آسانسور نمونه‌اند (طبقه اول ۰). در «مبلغ صریح» جمع ردیف باید برابر مبلغ هزینه باشد.
A4: منبع | B4: 1-1 | C4: 1-2 | D4: 1-3 | E4: 2-1 | F4: 2-2 | G4: 3-1 | H4: 3-2 | I4: 4-1 | J4: 4-2 | K4: جمع ردیف
A5: E1 | B5: 0 | C5: 0 | D5: 0 | E5: 0 | F5: 0 | G5: 0 | H5: 0 | I5: 0 | J5: 0 | K5: =SUM(B5:J5)
A6: E2 | B6: 0 | C6: 0 | D6: 0 | E6: 0 | F6: 0 | G6: 0 | H6: 0 | I6: 0 | J6: 0 | K6: =SUM(B6:J6)
A7: E3 | B7: 0 | C7: 0 | D7: 0 | E7: 0 | F7: 0 | G7: 0 | H7: 0 | I7: 0 | J7: 0 | K7: =SUM(B7:J7)
A8: E4 | B8: 0 | C8: 0 | D8: 0 | E8: 0 | F8: 0 | G8: 0 | H8: 0 | I8: 0 | J8: 0 | K8: =SUM(B8:J8)
A9: E5 | B9: 0 | C9: 0 | D9: 0 | E9: 0 | F9: 0 | G9: 0 | H9: 0 | I9: 0 | J9: 0 | K9: =SUM(B9:J9)
A10: E6 | B10: 0 | C10: 0 | D10: 0 | E10: 1 | F10: 1 | G10: 2 | H10: 2 | I10: 3 | J10: 3 | K10: =SUM(B10:J10)
A11: E7 | B11: 0 | C11: 0 | D11: 0 | E11: 1500000 | F11: 0 | G11: 0 | H11: 0 | I11: 0 | J11: 1000000 | K11: =SUM(B11:J11)
A12: E8 | B12: 0 | C12: 0 | D12: 0 | E12: 0 | F12: 0 | G12: 0 | H12: 0 | I12: 0 | J12: 0 | K12: =SUM(B12:J12)
A13: E9 | B13: 0 | C13: 0 | D13: 0 | E13: 0 | F13: 0 | G13: 0 | H13: 0 | I13: 0 | J13: 0 | K13: =SUM(B13:J13)
A14: E10 | B14: 0 | C14: 0 | D14: 0 | E14: 0 | F14: 0 | G14: 0 | H14: 0 | I14: 0 | J14: 0 | K14: =SUM(B14:J14)
A15: E11 | B15: 0 | C15: 0 | D15: 0 | E15: 0 | F15: 0 | G15: 0 | H15: 0 | I15: 0 | J15: 0 | K15: =SUM(B15:J15)
A16: E12 | B16: 0 | C16: 0 | D16: 0 | E16: 0 | F16: 0 | G16: 0 | H16: 0 | I16: 0 | J16: 0 | K16: =SUM(B16:J16)
... A21: C5 | B21: 0 | C21: 0 | D21: 0 | E21: 0 | F21: 0 | G21: 0 | H21: 0 | I21: 0 | J21: 0 | K21: =SUM(B21:J21)

Sheet سطرهای تسهیم
A1: سطرهای تسهیم (مشتق از هزینه‌ها و اقلام شارژ)
A2: هر هزینه یک سطر اصلی و یک سطر «سهم مشترک آب» دارد که فقط برای مبنای «مصرف + سهم مشترک» مقدار می‌گیرد.
A4: سطر | B4: منبع | C4: شرح | D4: مبنا | E4: مبلغ قابل تسهیم | F4: صندوق | G4: دسته | H4: ردیف ماتریس | I4: مجموع وزن
A5: L1 | B5: ='هزینه‌ها'!A5 | C5: =IF('هزینه‌ها'!C5="","",'هزینه‌ها'!C5) | D5: =IF('هزینه‌ها'!G5="مصرف + سهم مشترک","مصرف",IF('هزینه‌ها'!G5="","بدون تسهیم (صندوق)",'هزینه‌ها'!G5)) | E5: =IF(OR('هزینه‌ها'!G5="بدون تسهیم (صندوق)",'هزینه‌ها'!G5=""),0,IF('هزینه‌ها'!G5="مصرف + سهم مشترک",IF('کنتورها'!$M$5=0,0,ROUND(N('هزینه‌ها'!F5)*'کنتورها'!$M$6*1000/('کنتورها'!$M$5*1000*'تنظیمات'!$B$7),0)*'تنظیمات'!$B$7),N('هزینه‌ها'!F5))) | F5: ='هزینه‌ها'!H5 | G5: ='هزینه‌ها'!D5 | H5: 5 | I5: =SUMIFS('محاسبه تسهیم'!$I$5:$I$265,'محاسبه تسهیم'!$A$5:$A$265,A5)
A6: L2 | B6: ='هزینه‌ها'!A5 | C6: =IF('هزینه‌ها'!G5="مصرف + سهم مشترک","سهم مشترک آب: "&'هزینه‌ها'!C5,"") | D6: ='تنظیمات'!$B$12 | E6: =IF('هزینه‌ها'!G5="مصرف + سهم مشترک",N('هزینه‌ها'!F5)-E5,0) | F6: ='هزینه‌ها'!H5 | G6: ='هزینه‌ها'!D5 | H6: 5 | I6: =SUMIFS('محاسبه تسهیم'!$I$5:$I$265,'محاسبه تسهیم'!$A$5:$A$265,A6)
A7: L3 | B7: ='هزینه‌ها'!A6 | C7: =IF('هزینه‌ها'!C6="","",'هزینه‌ها'!C6) | D7: =IF('هزینه‌ها'!G6="مصرف + سهم مشترک","مصرف",IF('هزینه‌ها'!G6="","بدون تسهیم (صندوق)",'هزینه‌ها'!G6)) | E7: =IF(OR('هزینه‌ها'!G6="بدون تسهیم (صندوق)",'هزینه‌ها'!G6=""),0,IF('هزینه‌ها'!G6="مصرف + سهم مشترک",IF('کنتورها'!$M$5=0,0,ROUND(N('هزینه‌ها'!F6)*'کنتورها'!$M$6*1000/('کنتورها'!$M$5*1000*'تنظیمات'!$B$7),0)*'تنظیمات'!$B$7),N('هزینه‌ها'!F6))) | F7: ='هزینه‌ها'!H6 | G7: ='هزینه‌ها'!D6 | H7: 6 | I7: =SUMIFS('محاسبه تسهیم'!$I$5:$I$265,'محاسبه تسهیم'!$A$5:$A$265,A7)
A8: L4 | B8: ='هزینه‌ها'!A6 | C8: =IF('هزینه‌ها'!G6="مصرف + سهم مشترک","سهم مشترک آب: "&'هزینه‌ها'!C6,"") | D8: ='تنظیمات'!$B$12 | E8: =IF('هزینه‌ها'!G6="مصرف + سهم مشترک",N('هزینه‌ها'!F6)-E7,0) | F8: ='هزینه‌ها'!H6 | G8: ='هزینه‌ها'!D6 | H8: 6 | I8: =SUMIFS('محاسبه تسهیم'!$I$5:$I$265,'محاسبه تسهیم'!$A$5:$A$265,A8)
A9: L5 | B9: ='هزینه‌ها'!A7 | C9: =IF('هزینه‌ها'!C7="","",'هزینه‌ها'!C7) | D9: =IF('هزینه‌ها'!G7="مصرف + سهم مشترک","مصرف",IF('هزینه‌ها'!G7="","بدون تسهیم (صندوق)",'هزینه‌ها'!G7)) | E9: =IF(OR('هزینه‌ها'!G7="بدون تسهیم (صندوق)",'هزینه‌ها'!G7=""),0,IF('هزینه‌ها'!G7="مصرف + سهم مشترک",IF('کنتورها'!$M$5=0,0,ROUND(N('هزینه‌ها'!F7)*'کنتورها'!$M$6*1000/('کنتورها'!$M$5*1000*'تنظیمات'!$B$7),0)*'تنظیمات'!$B$7),N('هزینه‌ها'!F7))) | F9: ='هزینه‌ها'!H7 | G9: ='هزینه‌ها'!D7 | H9: 7 | I9: =SUMIFS('محاسبه تسهیم'!$I$5:$I$265,'محاسبه تسهیم'!$A$5:$A$265,A9)
A10: L6 | B10: ='هزینه‌ها'!A7 | C10: =IF('هزینه‌ها'!G7="مصرف + سهم مشترک","سهم مشترک آب: "&'هزینه‌ها'!C7,"") | D10: ='تنظیمات'!$B$12 | E10: =IF('هزینه‌ها'!G7="مصرف + سهم مشترک",N('هزینه‌ها'!F7)-E9,0) | F10: ='هزینه‌ها'!H7 | G10: ='هزینه‌ها'!D7 | H10: 7 | I10: =SUMIFS('محاسبه تسهیم'!$I$5:$I$265,'محاسبه تسهیم'!$A$5:$A$265,A10)
A11: L7 | B11: ='هزینه‌ها'!A8 | C11: =IF('هزینه‌ها'!C8="","",'هزینه‌ها'!C8) | D11: =IF('هزینه‌ها'!G8="مصرف + سهم مشترک","مصرف",IF('هزینه‌ها'!G8="","بدون تسهیم (صندوق)",'هزینه‌ها'!G8)) | E11: =IF(OR('هزینه‌ها'!G8="بدون تسهیم (صندوق)",'هزینه‌ها'!G8=""),0,IF('هزینه‌ها'!G8="مصرف + سهم مشترک",IF('کنتورها'!$M$5=0,0,ROUND(N('هزینه‌ها'!F8)*'کنتورها'!$M$6*1000/('کنتورها'!$M$5*1000*'تنظیمات'!$B$7),0)*'تنظیمات'!$B$7),N('هزینه‌ها'!F8))) | F11: ='هزینه‌ها'!H8 | G11: ='هزینه‌ها'!D8 | H11: 8 | I11: =SUMIFS('محاسبه تسهیم'!$I$5:$I$265,'محاسبه تسهیم'!$A$5:$A$265,A11)
A12: L8 | B12: ='هزینه‌ها'!A8 | C12: =IF('هزینه‌ها'!G8="مصرف + سهم مشترک","سهم مشترک آب: "&'هزینه‌ها'!C8,"") | D12: ='تنظیمات'!$B$12 | E12: =IF('هزینه‌ها'!G8="مصرف + سهم مشترک",N('هزینه‌ها'!F8)-E11,0) | F12: ='هزینه‌ها'!H8 | G12: ='هزینه‌ها'!D8 | H12: 8 | I12: =SUMIFS('محاسبه تسهیم'!$I$5:$I$265,'محاسبه تسهیم'!$A$5:$A$265,A12)
A13: L9 | B13: ='هزینه‌ها'!A9 | C13: =IF('هزینه‌ها'!C9="","",'هزینه‌ها'!C9) | D13: =IF('هزینه‌ها'!G9="مصرف + سهم مشترک","مصرف",IF('هزینه‌ها'!G9="","بدون تسهیم (صندوق)",'هزینه‌ها'!G9)) | E13: =IF(OR('هزینه‌ها'!G9="بدون تسهیم (صندوق)",'هزینه‌ها'!G9=""),0,IF('هزینه‌ها'!G9="مصرف + سهم مشترک",IF('کنتورها'!$M$5=0,0,ROUND(N('هزینه‌ها'!F9)*'کنتورها'!$M$6*1000/('کنتورها'!$M$5*1000*'تنظیمات'!$B$7),0)*'تنظیمات'!$B$7),N('هزینه‌ها'!F9))) | F13: ='هزینه‌ها'!H9 | G13: ='هزینه‌ها'!D9 | H13: 9 | I13: =SUMIFS('محاسبه تسهیم'!$I$5:$I$265,'محاسبه تسهیم'!$A$5:$A$265,A13)
A14: L10 | B14: ='هزینه‌ها'!A9 | C14: =IF('هزینه‌ها'!G9="مصرف + سهم مشترک","سهم مشترک آب: "&'هزینه‌ها'!C9,"") | D14: ='تنظیمات'!$B$12 | E14: =IF('هزینه‌ها'!G9="مصرف + سهم مشترک",N('هزینه‌ها'!F9)-E13,0) | F14: ='هزینه‌ها'!H9 | G14: ='هزینه‌ها'!D9 | H14: 9 | I14: =SUMIFS('محاسبه تسهیم'!$I$5:$I$265,'محاسبه تسهیم'!$A$5:$A$265,A14)
A15: L11 | B15: ='هزینه‌ها'!A10 | C15: =IF('هزینه‌ها'!C10="","",'هزینه‌ها'!C10) | D15: =IF('هزینه‌ها'!G10="مصرف + سهم مشترک","مصرف",IF('هزینه‌ها'!G10="","بدون تسهیم (صندوق)",'هزینه‌ها'!G10)) | E15: =IF(OR('هزینه‌ها'!G10="بدون تسهیم (صندوق)",'هزینه‌ها'!G10=""),0,IF('هزینه‌ها'!G10="مصرف + سهم مشترک",IF('کنتورها'!$M$5=0,0,ROUND(N('هزینه‌ها'!F10)*'کنتورها'!$M$6*1000/('کنتورها'!$M$5*1000*'تنظیمات'!$B$7),0)*'تنظیمات'!$B$7),N('هزینه‌ها'!F10))) | F15: ='هزینه‌ها'!H10 | G15: ='هزینه‌ها'!D10 | H15: 10 | I15: =SUMIFS('محاسبه تسهیم'!$I$5:$I$265,'محاسبه تسهیم'!$A$5:$A$265,A15)
A16: L12 | B16: ='هزینه‌ها'!A10 | C16: =IF('هزینه‌ها'!G10="مصرف + سهم مشترک","سهم مشترک آب: "&'هزینه‌ها'!C10,"") | D16: ='تنظیمات'!$B$12 | E16: =IF('هزینه‌ها'!G10="مصرف + سهم مشترک",N('هزینه‌ها'!F10)-E15,0) | F16: ='هزینه‌ها'!H10 | G16: ='هزینه‌ها'!D10 | H16: 10 | I16: =SUMIFS('محاسبه تسهیم'!$I$5:$I$265,'محاسبه تسهیم'!$A$5:$A$265,A16)
A17: L13 | B17: ='هزینه‌ها'!A11 | C17: =IF('هزینه‌ها'!C11="","",'هزینه‌ها'!C11) | D17: =IF('هزینه‌ها'!G11="مصرف + سهم مشترک","مصرف",IF('هزینه‌ها'!G11="","بدون تسهیم (صندوق)",'هزینه‌ها'!G11)) | E17: =IF(OR('هزینه‌ها'!G11="بدون تسهیم (صندوق)",'هزینه‌ها'!G11=""),0,IF('هزینه‌ها'!G11="مصرف + سهم مشترک",IF('کنتورها'!$M$5=0,0,ROUND(N('هزینه‌ها'!F11)*'کنتورها'!$M$6*1000/('کنتورها'!$M$5*1000*'تنظیمات'!$B$7),0)*'تنظیمات'!$B$7),N('هزینه‌ها'!F11))) | F17: ='هزینه‌ها'!H11 | G17: ='هزینه‌ها'!D11 | H17: 11 | I17: =SUMIFS('محاسبه تسهیم'!$I$5:$I$265,'محاسبه تسهیم'!$A$5:$A$265,A17)
A18: L14 | B18: ='هزینه‌ها'!A11 | C18: =IF('هزینه‌ها'!G11="مصرف + سهم مشترک","سهم مشترک آب: "&'هزینه‌ها'!C11,"") | D18: ='تنظیمات'!$B$12 | E18: =IF('هزینه‌ها'!G11="مصرف + سهم مشترک",N('هزینه‌ها'!F11)-E17,0) | F18: ='هزینه‌ها'!H11 | G18: ='هزینه‌ها'!D11 | H18: 11 | I18: =SUMIFS('محاسبه تسهیم'!$I$5:$I$265,'محاسبه تسهیم'!$A$5:$A$265,A18)
A19: L15 | B19: ='هزینه‌ها'!A12 | C19: =IF('هزینه‌ها'!C12="","",'هزینه‌ها'!C12) | D19: =IF('هزینه‌ها'!G12="مصرف + سهم مشترک","مصرف",IF('هزینه‌ها'!G12="","بدون تسهیم (صندوق)",'هزینه‌ها'!G12)) | E19: =IF(OR('هزینه‌ها'!G12="بدون تسهیم (صندوق)",'هزینه‌ها'!G12=""),0,IF('هزینه‌ها'!G12="مصرف + سهم مشترک",IF('کنتورها'!$M$5=0,0,ROUND(N('هزینه‌ها'!F12)*'کنتورها'!$M$6*1000/('کنتورها'!$M$5*1000*'تنظیمات'!$B$7),0)*'تنظیمات'!$B$7),N('هزینه‌ها'!F12))) | F19: ='هزینه‌ها'!H12 | G19: ='هزینه‌ها'!D12 | H19: 12 | I19: =SUMIFS('محاسبه تسهیم'!$I$5:$I$265,'محاسبه تسهیم'!$A$5:$A$265,A19)
A20: L16 | B20: ='هزینه‌ها'!A12 | C20: =IF('هزینه‌ها'!G12="مصرف + سهم مشترک","سهم مشترک آب: "&'هزینه‌ها'!C12,"") | D20: ='تنظیمات'!$B$12 | E20: =IF('هزینه‌ها'!G12="مصرف + سهم مشترک",N('هزینه‌ها'!F12)-E19,0) | F20: ='هزینه‌ها'!H12 | G20: ='هزینه‌ها'!D12 | H20: 12 | I20: =SUMIFS('محاسبه تسهیم'!$I$5:$I$265,'محاسبه تسهیم'!$A$5:$A$265,A20)
A21: L17 | B21: ='هزینه‌ها'!A13 | C21: =IF('هزینه‌ها'!C13="","",'هزینه‌ها'!C13) | D21: =IF('هزینه‌ها'!G13="مصرف + سهم مشترک","مصرف",IF('هزینه‌ها'!G13="","بدون تسهیم (صندوق)",'هزینه‌ها'!G13)) | E21: =IF(OR('هزینه‌ها'!G13="بدون تسهیم (صندوق)",'هزینه‌ها'!G13=""),0,IF('هزینه‌ها'!G13="مصرف + سهم مشترک",IF('کنتورها'!$M$5=0,0,ROUND(N('هزینه‌ها'!F13)*'کنتورها'!$M$6*1000/('کنتورها'!$M$5*1000*'تنظیمات'!$B$7),0)*'تنظیمات'!$B$7),N('هزینه‌ها'!F13))) | F21: ='هزینه‌ها'!H13 | G21: ='هزینه‌ها'!D13 | H21: 13 | I21: =SUMIFS('محاسبه تسهیم'!$I$5:$I$265,'محاسبه تسهیم'!$A$5:$A$265,A21)
A22: L18 | B22: ='هزینه‌ها'!A13 | C22: =IF('هزینه‌ها'!G13="مصرف + سهم مشترک","سهم مشترک آب: "&'هزینه‌ها'!C13,"") | D22: ='تنظیمات'!$B$12 | E22: =IF('هزینه‌ها'!G13="مصرف + سهم مشترک",N('هزینه‌ها'!F13)-E21,0) | F22: ='هزینه‌ها'!H13 | G22: ='هزینه‌ها'!D13 | H22: 13 | I22: =SUMIFS('محاسبه تسهیم'!$I$5:$I$265,'محاسبه تسهیم'!$A$5:$A$265,A22)
A23: L19 | B23: ='هزینه‌ها'!A14 | C23: =IF('هزینه‌ها'!C14="","",'هزینه‌ها'!C14) | D23: =IF('هزینه‌ها'!G14="مصرف + سهم مشترک","مصرف",IF('هزینه‌ها'!G14="","بدون تسهیم (صندوق)",'هزینه‌ها'!G14)) | E23: =IF(OR('هزینه‌ها'!G14="بدون تسهیم (صندوق)",'هزینه‌ها'!G14=""),0,IF('هزینه‌ها'!G14="مصرف + سهم مشترک",IF('کنتورها'!$M$5=0,0,ROUND(N('هزینه‌ها'!F14)*'کنتورها'!$M$6*1000/('کنتورها'!$M$5*1000*'تنظیمات'!$B$7),0)*'تنظیمات'!$B$7),N('هزینه‌ها'!F14))) | F23: ='هزینه‌ها'!H14 | G23: ='هزینه‌ها'!D14 | H23: 14 | I23: =SUMIFS('محاسبه تسهیم'!$I$5:$I$265,'محاسبه تسهیم'!$A$5:$A$265,A23)
A24: L20 | B24: ='هزینه‌ها'!A14 | C24: =IF('هزینه‌ها'!G14="مصرف + سهم مشترک","سهم مشترک آب: "&'هزینه‌ها'!C14,"") | D24: ='تنظیمات'!$B$12 | E24: =IF('هزینه‌ها'!G14="مصرف + سهم مشترک",N('هزینه‌ها'!F14)-E23,0) | F24: ='هزینه‌ها'!H14 | G24: ='هزینه‌ها'!D14 | H24: 14 | I24: =SUMIFS('محاسبه تسهیم'!$I$5:$I$265,'محاسبه تسهیم'!$A$5:$A$265,A24)
A25: L21 | B25: ='هزینه‌ها'!A15 | C25: =IF('هزینه‌ها'!C15="","",'هزینه‌ها'!C15) | D25: =IF('هزینه‌ها'!G15="مصرف + سهم مشترک","مصرف",IF('هزینه‌ها'!G15="","بدون تسهیم (صندوق)",'هزینه‌ها'!G15)) | E25: =IF(OR('هزینه‌ها'!G15="بدون تسهیم (صندوق)",'هزینه‌ها'!G15=""),0,IF('هزینه‌ها'!G15="مصرف + سهم مشترک",IF('کنتورها'!$M$5=0,0,ROUND(N('هزینه‌ها'!F15)*'کنتورها'!$M$6*1000/('کنتورها'!$M$5*1000*'تنظیمات'!$B$7),0)*'تنظیمات'!$B$7),N('هزینه‌ها'!F15))) | F25: ='هزینه‌ها'!H15 | G25: ='هزینه‌ها'!D15 | H25: 15 | I25: =SUMIFS('محاسبه تسهیم'!$I$5:$I$265,'محاسبه تسهیم'!$A$5:$A$265,A25)
A26: L22 | B26: ='هزینه‌ها'!A15 | C26: =IF('هزینه‌ها'!G15="مصرف + سهم مشترک","سهم مشترک آب: "&'هزینه‌ها'!C15,"") | D26: ='تنظیمات'!$B$12 | E26: =IF('هزینه‌ها'!G15="مصرف + سهم مشترک",N('هزینه‌ها'!F15)-E25,0) | F26: ='هزینه‌ها'!H15 | G26: ='هزینه‌ها'!D15 | H26: 15 | I26: =SUMIFS('محاسبه تسهیم'!$I$5:$I$265,'محاسبه تسهیم'!$A$5:$A$265,A26)
A27: L23 | B27: ='هزینه‌ها'!A16 | C27: =IF('هزینه‌ها'!C16="","",'هزینه‌ها'!C16) | D27: =IF('هزینه‌ها'!G16="مصرف + سهم مشترک","مصرف",IF('هزینه‌ها'!G16="","بدون تسهیم (صندوق)",'هزینه‌ها'!G16)) | E27: =IF(OR('هزینه‌ها'!G16="بدون تسهیم (صندوق)",'هزینه‌ها'!G16=""),0,IF('هزینه‌ها'!G16="مصرف + سهم مشترک",IF('کنتورها'!$M$5=0,0,ROUND(N('هزینه‌ها'!F16)*'کنتورها'!$M$6*1000/('کنتورها'!$M$5*1000*'تنظیمات'!$B$7),0)*'تنظیمات'!$B$7),N('هزینه‌ها'!F16))) | F27: ='هزینه‌ها'!H16 | G27: ='هزینه‌ها'!D16 | H27: 16 | I27: =SUMIFS('محاسبه تسهیم'!$I$5:$I$265,'محاسبه تسهیم'!$A$5:$A$265,A27)
A28: L24 | B28: ='هزینه‌ها'!A16 | C28: =IF('هزینه‌ها'!G16="مصرف + سهم مشترک","سهم مشترک آب: "&'هزینه‌ها'!C16,"") | D28: ='تنظیمات'!$B$12 | E28: =IF('هزینه‌ها'!G16="مصرف + سهم مشترک",N('هزینه‌ها'!F16)-E27,0) | F28: ='هزینه‌ها'!H16 | G28: ='هزینه‌ها'!D16 | H28: 16 | I28: =SUMIFS('محاسبه تسهیم'!$I$5:$I$265,'محاسبه تسهیم'!$A$5:$A$265,A28)
A29: L25 | B29: ='اقلام شارژ'!A5 | C29: =IF('اقلام شارژ'!B5="","",'اقلام شارژ'!B5) | D29: =IF('اقلام شارژ'!F5="","بدون تسهیم (صندوق)",'اقلام شارژ'!F5) | E29: =IF('اقلام شارژ'!G5="بله",N('اقلام شارژ'!E5),0) | F29: ='اقلام شارژ'!D5 | G29: ='اقلام شارژ'!C5 | H29: 17 | I29: =SUMIFS('محاسبه تسهیم'!$I$5:$I$265,'محاسبه تسهیم'!$A$5:$A$265,A29)
A30: L26 | B30: ='اقلام شارژ'!A6 | C30: =IF('اقلام شارژ'!B6="","",'اقلام شارژ'!B6) | D30: =IF('اقلام شارژ'!F6="","بدون تسهیم (صندوق)",'اقلام شارژ'!F6) | E30: =IF('اقلام شارژ'!G6="بله",N('اقلام شارژ'!E6),0) | F30: ='اقلام شارژ'!D6 | G30: ='اقلام شارژ'!C6 | H30: 18 | I30: =SUMIFS('محاسبه تسهیم'!$I$5:$I$265,'محاسبه تسهیم'!$A$5:$A$265,A30)
A31: L27 | B31: ='اقلام شارژ'!A7 | C31: =IF('اقلام شارژ'!B7="","",'اقلام شارژ'!B7) | D31: =IF('اقلام شارژ'!F7="","بدون تسهیم (صندوق)",'اقلام شارژ'!F7) | E31: =IF('اقلام شارژ'!G7="بله",N('اقلام شارژ'!E7),0) | F31: ='اقلام شارژ'!D7 | G31: ='اقلام شارژ'!C7 | H31: 19 | I31: =SUMIFS('محاسبه تسهیم'!$I$5:$I$265,'محاسبه تسهیم'!$A$5:$A$265,A31)
A32: L28 | B32: ='اقلام شارژ'!A8 | C32: =IF('اقلام شارژ'!B8="","",'اقلام شارژ'!B8) | D32: =IF('اقلام شارژ'!F8="","بدون تسهیم (صندوق)",'اقلام شارژ'!F8) | E32: =IF('اقلام شارژ'!G8="بله",N('اقلام شارژ'!E8),0) | F32: ='اقلام شارژ'!D8 | G32: ='اقلام شارژ'!C8 | H32: 20 | I32: =SUMIFS('محاسبه تسهیم'!$I$5:$I$265,'محاسبه تسهیم'!$A$5:$A$265,A32)
A33: L29 | B33: ='اقلام شارژ'!A9 | C33: =IF('اقلام شارژ'!B9="","",'اقلام شارژ'!B9) | D33: =IF('اقلام شارژ'!F9="","بدون تسهیم (صندوق)",'اقلام شارژ'!F9) | E33: =IF('اقلام شارژ'!G9="بله",N('اقلام شارژ'!E9),0) | F33: ='اقلام شارژ'!D9 | G33: ='اقلام شارژ'!C9 | H33: 21 | I33: =SUMIFS('محاسبه تسهیم'!$I$5:$I$265,'محاسبه تسهیم'!$A$5:$A$265,A33)

Sheet محاسبه تسهیم
A1: محاسبه سهم هر واحد — روش بزرگ‌ترین باقیمانده
A2: باقیمانده (عدد صحیح) = مبلغ×وزن − مجموع‌وزن×واحدگرد×⌊مبلغ×وزن÷(مجموع‌وزن×واحدگرد)⌋ ؛ رتبه بر اساس باقیمانده نزولی و سپس ترتیب واحد.
A4: سطر | B4: منبع | C4: واحد | D4: ترتیب | E4: مبنا | F4: مبلغ سطر | G4: مشمول | H4: کمیت مبنا | I4: وزن | J4: مجموع وزن | K4: سهم پایه | L4: باقیمانده | M4: رتبه | N4: باقیمانده کل | O4: تعداد افزایش | P4: خرده نهایی | Q4: سهم نهایی | R4: صندوق | S4: دسته | T4: آب؟
A5: ='سطرهای تسهیم'!A5 | B5: ='سطرهای تسهیم'!B5 | C5: ='واحدها'!A5 | D5: ='واحدها'!H5 | E5: ='سطرهای تسهیم'!D5 | F5: ='سطرهای تسهیم'!E5 | G5: =IF('واحدها'!F5="بله",'شمول'!B5,0) | H5: =CHOOSE(MATCH(E5,'فهرست‌ها'!$A$4:$A$13,0),1,'واحدها'!E5,'واحدها'!D5*100,'واحدها'!J5,'واحدها'!J5,'وزن‌ها'!B5,'وزن‌ها'!B5,'واحدها'!K5,'واحدها'!L5,0) | I5: =G5*H5 | J5: =SUMIFS($I$5:$I$265,$A$5:$A$265,A5) | K5: =IF(J5=0,0,'تنظیمات'!$B$7*INT(F5*I5/(J5*'تنظیمات'!$B$7))) | L5: =IF(J5=0,0,F5*I5-J5*'تنظیمات'!$B$7*INT(F5*I5/(J5*'تنظیمات'!$B$7))) | M5: =1+COUNTIFS($A$5:$A$265,A5,$L$5:$L$265,">"&L5)+COUNTIFS($A$5:$A$265,A5,$L$5:$L$265,L5,$D$5:$D$265,"<"&D5) | N5: =IF(J5=0,0,F5-SUMIFS($K$5:$K$265,$A$5:$A$265,A5)) | O5: =INT(N5/'تنظیمات'!$B$7) | P5: =N5-O5*'تنظیمات'!$B$7 | Q5: =IF(J5=0,0,K5+IF(M5<=O5,'تنظیمات'!$B$7,0)+IF(M5=1,P5,0)) | R5: ='سطرهای تسهیم'!F5 | S5: ='سطرهای تسهیم'!G5 | T5: =IFERROR(INDEX('دسته‌ها'!$D$5:$D$25,MATCH(S5,'دسته‌ها'!$A$5:$A$25,0)),"خیر")
A6: ='سطرهای تسهیم'!A5 | B6: ='سطرهای تسهیم'!B5 | C6: ='واحدها'!A6 | D6: ='واحدها'!H6 | E6: ='سطرهای تسهیم'!D5 | F6: ='سطرهای تسهیم'!E5 | G6: =IF('واحدها'!F6="بله",'شمول'!C5,0) | H6: =CHOOSE(MATCH(E6,'فهرست‌ها'!$A$4:$A$13,0),1,'واحدها'!E6,'واحدها'!D6*100,'واحدها'!J6,'واحدها'!J6,'وزن‌ها'!C5,'وزن‌ها'!C5,'واحدها'!K6,'واحدها'!L6,0) | I6: =G6*H6 | J6: =SUMIFS($I$5:$I$265,$A$5:$A$265,A6) | K6: =IF(J6=0,0,'تنظیمات'!$B$7*INT(F6*I6/(J6*'تنظیمات'!$B$7))) | L6: =IF(J6=0,0,F6*I6-J6*'تنظیمات'!$B$7*INT(F6*I6/(J6*'تنظیمات'!$B$7))) | M6: =1+COUNTIFS($A$5:$A$265,A6,$L$5:$L$265,">"&L6)+COUNTIFS($A$5:$A$265,A6,$L$5:$L$265,L6,$D$5:$D$265,"<"&D6) | N6: =IF(J6=0,0,F6-SUMIFS($K$5:$K$265,$A$5:$A$265,A6)) | O6: =INT(N6/'تنظیمات'!$B$7) | P6: =N6-O6*'تنظیمات'!$B$7 | Q6: =IF(J6=0,0,K6+IF(M6<=O6,'تنظیمات'!$B$7,0)+IF(M6=1,P6,0)) | R6: ='سطرهای تسهیم'!F5 | S6: ='سطرهای تسهیم'!G5 | T6: =IFERROR(INDEX('دسته‌ها'!$D$5:$D$25,MATCH(S6,'دسته‌ها'!$A$5:$A$25,0)),"خیر")
A7: ='سطرهای تسهیم'!A5 | B7: ='سطرهای تسهیم'!B5 | C7: ='واحدها'!A7 | D7: ='واحدها'!H7 | E7: ='سطرهای تسهیم'!D5 | F7: ='سطرهای تسهیم'!E5 | G7: =IF('واحدها'!F7="بله",'شمول'!D5,0) | H7: =CHOOSE(MATCH(E7,'فهرست‌ها'!$A$4:$A$13,0),1,'واحدها'!E7,'واحدها'!D7*100,'واحدها'!J7,'واحدها'!J7,'وزن‌ها'!D5,'وزن‌ها'!D5,'واحدها'!K7,'واحدها'!L7,0) | I7: =G7*H7 | J7: =SUMIFS($I$5:$I$265,$A$5:$A$265,A7) | K7: =IF(J7=0,0,'تنظیمات'!$B$7*INT(F7*I7/(J7*'تنظیمات'!$B$7))) | L7: =IF(J7=0,0,F7*I7-J7*'تنظیمات'!$B$7*INT(F7*I7/(J7*'تنظیمات'!$B$7))) | M7: =1+COUNTIFS($A$5:$A$265,A7,$L$5:$L$265,">"&L7)+COUNTIFS($A$5:$A$265,A7,$L$5:$L$265,L7,$D$5:$D$265,"<"&D7) | N7: =IF(J7=0,0,F7-SUMIFS($K$5:$K$265,$A$5:$A$265,A7)) | O7: =INT(N7/'تنظیمات'!$B$7) | P7: =N7-O7*'تنظیمات'!$B$7 | Q7: =IF(J7=0,0,K7+IF(M7<=O7,'تنظیمات'!$B$7,0)+IF(M7=1,P7,0)) | R7: ='سطرهای تسهیم'!F5 | S7: ='سطرهای تسهیم'!G5 | T7: =IFERROR(INDEX('دسته‌ها'!$D$5:$D$25,MATCH(S7,'دسته‌ها'!$A$5:$A$25,0)),"خیر")
A8: ='سطرهای تسهیم'!A5 | B8: ='سطرهای تسهیم'!B5 | C8: ='واحدها'!A8 | D8: ='واحدها'!H8 | E8: ='سطرهای تسهیم'!D5 | F8: ='سطرهای تسهیم'!E5 | G8: =IF('واحدها'!F8="بله",'شمول'!E5,0) | H8: =CHOOSE(MATCH(E8,'فهرست‌ها'!$A$4:$A$13,0),1,'واحدها'!E8,'واحدها'!D8*100,'واحدها'!J8,'واحدها'!J8,'وزن‌ها'!E5,'وزن‌ها'!E5,'واحدها'!K8,'واحدها'!L8,0) | I8: =G8*H8 | J8: =SUMIFS($I$5:$I$265,$A$5:$A$265,A8) | K8: =IF(J8=0,0,'تنظیمات'!$B$7*INT(F8*I8/(J8*'تنظیمات'!$B$7))) | L8: =IF(J8=0,0,F8*I8-J8*'تنظیمات'!$B$7*INT(F8*I8/(J8*'تنظیمات'!$B$7))) | M8: =1+COUNTIFS($A$5:$A$265,A8,$L$5:$L$265,">"&L8)+COUNTIFS($A$5:$A$265,A8,$L$5:$L$265,L8,$D$5:$D$265,"<"&D8) | N8: =IF(J8=0,0,F8-SUMIFS($K$5:$K$265,$A$5:$A$265,A8)) | O8: =INT(N8/'تنظیمات'!$B$7) | P8: =N8-O8*'تنظیمات'!$B$7 | Q8: =IF(J8=0,0,K8+IF(M8<=O8,'تنظیمات'!$B$7,0)+IF(M8=1,P8,0)) | R8: ='سطرهای تسهیم'!F5 | S8: ='سطرهای تسهیم'!G5 | T8: =IFERROR(INDEX('دسته‌ها'!$D$5:$D$25,MATCH(S8,'دسته‌ها'!$A$5:$A$25,0)),"خیر")
A9: ='سطرهای تسهیم'!A5 | B9: ='سطرهای تسهیم'!B5 | C9: ='واحدها'!A9 | D9: ='واحدها'!H9 | E9: ='سطرهای تسهیم'!D5 | F9: ='سطرهای تسهیم'!E5 | G9: =IF('واحدها'!F9="بله",'شمول'!F5,0) | H9: =CHOOSE(MATCH(E9,'فهرست‌ها'!$A$4:$A$13,0),1,'واحدها'!E9,'واحدها'!D9*100,'واحدها'!J9,'واحدها'!J9,'وزن‌ها'!F5,'وزن‌ها'!F5,'واحدها'!K9,'واحدها'!L9,0) | I9: =G9*H9 | J9: =SUMIFS($I$5:$I$265,$A$5:$A$265,A9) | K9: =IF(J9=0,0,'تنظیمات'!$B$7*INT(F9*I9/(J9*'تنظیمات'!$B$7))) | L9: =IF(J9=0,0,F9*I9-J9*'تنظیمات'!$B$7*INT(F9*I9/(J9*'تنظیمات'!$B$7))) | M9: =1+COUNTIFS($A$5:$A$265,A9,$L$5:$L$265,">"&L9)+COUNTIFS($A$5:$A$265,A9,$L$5:$L$265,L9,$D$5:$D$265,"<"&D9) | N9: =IF(J9=0,0,F9-SUMIFS($K$5:$K$265,$A$5:$A$265,A9)) | O9: =INT(N9/'تنظیمات'!$B$7) | P9: =N9-O9*'تنظیمات'!$B$7 | Q9: =IF(J9=0,0,K9+IF(M9<=O9,'تنظیمات'!$B$7,0)+IF(M9=1,P9,0)) | R9: ='سطرهای تسهیم'!F5 | S9: ='سطرهای تسهیم'!G5 | T9: =IFERROR(INDEX('دسته‌ها'!$D$5:$D$25,MATCH(S9,'دسته‌ها'!$A$5:$A$25,0)),"خیر")
A10: ='سطرهای تسهیم'!A5 | B10: ='سطرهای تسهیم'!B5 | C10: ='واحدها'!A10 | D10: ='واحدها'!H10 | E10: ='سطرهای تسهیم'!D5 | F10: ='سطرهای تسهیم'!E5 | G10: =IF('واحدها'!F10="بله",'شمول'!G5,0) | H10: =CHOOSE(MATCH(E10,'فهرست‌ها'!$A$4:$A$13,0),1,'واحدها'!E10,'واحدها'!D10*100,'واحدها'!J10,'واحدها'!J10,'وزن‌ها'!G5,'وزن‌ها'!G5,'واحدها'!K10,'واحدها'!L10,0) | I10: =G10*H10 | J10: =SUMIFS($I$5:$I$265,$A$5:$A$265,A10) | K10: =IF(J10=0,0,'تنظیمات'!$B$7*INT(F10*I10/(J10*'تنظیمات'!$B$7))) | L10: =IF(J10=0,0,F10*I10-J10*'تنظیمات'!$B$7*INT(F10*I10/(J10*'تنظیمات'!$B$7))) | M10: =1+COUNTIFS($A$5:$A$265,A10,$L$5:$L$265,">"&L10)+COUNTIFS($A$5:$A$265,A10,$L$5:$L$265,L10,$D$5:$D$265,"<"&D10) | N10: =IF(J10=0,0,F10-SUMIFS($K$5:$K$265,$A$5:$A$265,A10)) | O10: =INT(N10/'تنظیمات'!$B$7) | P10: =N10-O10*'تنظیمات'!$B$7 | Q10: =IF(J10=0,0,K10+IF(M10<=O10,'تنظیمات'!$B$7,0)+IF(M10=1,P10,0)) | R10: ='سطرهای تسهیم'!F5 | S10: ='سطرهای تسهیم'!G5 | T10: =IFERROR(INDEX('دسته‌ها'!$D$5:$D$25,MATCH(S10,'دسته‌ها'!$A$5:$A$25,0)),"خیر")
A11: ='سطرهای تسهیم'!A5 | B11: ='سطرهای تسهیم'!B5 | C11: ='واحدها'!A11 | D11: ='واحدها'!H11 | E11: ='سطرهای تسهیم'!D5 | F11: ='سطرهای تسهیم'!E5 | G11: =IF('واحدها'!F11="بله",'شمول'!H5,0) | H11: =CHOOSE(MATCH(E11,'فهرست‌ها'!$A$4:$A$13,0),1,'واحدها'!E11,'واحدها'!D11*100,'واحدها'!J11,'واحدها'!J11,'وزن‌ها'!H5,'وزن‌ها'!H5,'واحدها'!K11,'واحدها'!L11,0) | I11: =G11*H11 | J11: =SUMIFS($I$5:$I$265,$A$5:$A$265,A11) | K11: =IF(J11=0,0,'تنظیمات'!$B$7*INT(F11*I11/(J11*'تنظیمات'!$B$7))) | L11: =IF(J11=0,0,F11*I11-J11*'تنظیمات'!$B$7*INT(F11*I11/(J11*'تنظیمات'!$B$7))) | M11: =1+COUNTIFS($A$5:$A$265,A11,$L$5:$L$265,">"&L11)+COUNTIFS($A$5:$A$265,A11,$L$5:$L$265,L11,$D$5:$D$265,"<"&D11) | N11: =IF(J11=0,0,F11-SUMIFS($K$5:$K$265,$A$5:$A$265,A11)) | O11: =INT(N11/'تنظیمات'!$B$7) | P11: =N11-O11*'تنظیمات'!$B$7 | Q11: =IF(J11=0,0,K11+IF(M11<=O11,'تنظیمات'!$B$7,0)+IF(M11=1,P11,0)) | R11: ='سطرهای تسهیم'!F5 | S11: ='سطرهای تسهیم'!G5 | T11: =IFERROR(INDEX('دسته‌ها'!$D$5:$D$25,MATCH(S11,'دسته‌ها'!$A$5:$A$25,0)),"خیر")
A12: ='سطرهای تسهیم'!A5 | B12: ='سطرهای تسهیم'!B5 | C12: ='واحدها'!A12 | D12: ='واحدها'!H12 | E12: ='سطرهای تسهیم'!D5 | F12: ='سطرهای تسهیم'!E5 | G12: =IF('واحدها'!F12="بله",'شمول'!I5,0) | H12: =CHOOSE(MATCH(E12,'فهرست‌ها'!$A$4:$A$13,0),1,'واحدها'!E12,'واحدها'!D12*100,'واحدها'!J12,'واحدها'!J12,'وزن‌ها'!I5,'وزن‌ها'!I5,'واحدها'!K12,'واحدها'!L12,0) | I12: =G12*H12 | J12: =SUMIFS($I$5:$I$265,$A$5:$A$265,A12) | K12: =IF(J12=0,0,'تنظیمات'!$B$7*INT(F12*I12/(J12*'تنظیمات'!$B$7))) | L12: =IF(J12=0,0,F12*I12-J12*'تنظیمات'!$B$7*INT(F12*I12/(J12*'تنظیمات'!$B$7))) | M12: =1+COUNTIFS($A$5:$A$265,A12,$L$5:$L$265,">"&L12)+COUNTIFS($A$5:$A$265,A12,$L$5:$L$265,L12,$D$5:$D$265,"<"&D12) | N12: =IF(J12=0,0,F12-SUMIFS($K$5:$K$265,$A$5:$A$265,A12)) | O12: =INT(N12/'تنظیمات'!$B$7) | P12: =N12-O12*'تنظیمات'!$B$7 | Q12: =IF(J12=0,0,K12+IF(M12<=O12,'تنظیمات'!$B$7,0)+IF(M12=1,P12,0)) | R12: ='سطرهای تسهیم'!F5 | S12: ='سطرهای تسهیم'!G5 | T12: =IFERROR(INDEX('دسته‌ها'!$D$5:$D$25,MATCH(S12,'دسته‌ها'!$A$5:$A$25,0)),"خیر")
A13: ='سطرهای تسهیم'!A5 | B13: ='سطرهای تسهیم'!B5 | C13: ='واحدها'!A13 | D13: ='واحدها'!H13 | E13: ='سطرهای تسهیم'!D5 | F13: ='سطرهای تسهیم'!E5 | G13: =IF('واحدها'!F13="بله",'شمول'!J5,0) | H13: =CHOOSE(MATCH(E13,'فهرست‌ها'!$A$4:$A$13,0),1,'واحدها'!E13,'واحدها'!D13*100,'واحدها'!J13,'واحدها'!J13,'وزن‌ها'!J5,'وزن‌ها'!J5,'واحدها'!K13,'واحدها'!L13,0) | I13: =G13*H13 | J13: =SUMIFS($I$5:$I$265,$A$5:$A$265,A13) | K13: =IF(J13=0,0,'تنظیمات'!$B$7*INT(F13*I13/(J13*'تنظیمات'!$B$7))) | L13: =IF(J13=0,0,F13*I13-J13*'تنظیمات'!$B$7*INT(F13*I13/(J13*'تنظیمات'!$B$7))) | M13: =1+COUNTIFS($A$5:$A$265,A13,$L$5:$L$265,">"&L13)+COUNTIFS($A$5:$A$265,A13,$L$5:$L$265,L13,$D$5:$D$265,"<"&D13) | N13: =IF(J13=0,0,F13-SUMIFS($K$5:$K$265,$A$5:$A$265,A13)) | O13: =INT(N13/'تنظیمات'!$B$7) | P13: =N13-O13*'تنظیمات'!$B$7 | Q13: =IF(J13=0,0,K13+IF(M13<=O13,'تنظیمات'!$B$7,0)+IF(M13=1,P13,0)) | R13: ='سطرهای تسهیم'!F5 | S13: ='سطرهای تسهیم'!G5 | T13: =IFERROR(INDEX('دسته‌ها'!$D$5:$D$25,MATCH(S13,'دسته‌ها'!$A$5:$A$25,0)),"خیر")
A14: ='سطرهای تسهیم'!A6 | B14: ='سطرهای تسهیم'!B6 | C14: ='واحدها'!A5 | D14: ='واحدها'!H5 | E14: ='سطرهای تسهیم'!D6 | F14: ='سطرهای تسهیم'!E6 | G14: =IF('واحدها'!F5="بله",'شمول'!B5,0) | H14: =CHOOSE(MATCH(E14,'فهرست‌ها'!$A$4:$A$13,0),1,'واحدها'!E5,'واحدها'!D5*100,'واحدها'!J5,'واحدها'!J5,'وزن‌ها'!B5,'وزن‌ها'!B5,'واحدها'!K5,'واحدها'!L5,0) | I14: =G14*H14 | J14: =SUMIFS($I$5:$I$265,$A$5:$A$265,A14) | K14: =IF(J14=0,0,'تنظیمات'!$B$7*INT(F14*I14/(J14*'تنظیمات'!$B$7))) | L14: =IF(J14=0,0,F14*I14-J14*'تنظیمات'!$B$7*INT(F14*I14/(J14*'تنظیمات'!$B$7))) | M14: =1+COUNTIFS($A$5:$A$265,A14,$L$5:$L$265,">"&L14)+COUNTIFS($A$5:$A$265,A14,$L$5:$L$265,L14,$D$5:$D$265,"<"&D14) | N14: =IF(J14=0,0,F14-SUMIFS($K$5:$K$265,$A$5:$A$265,A14)) | O14: =INT(N14/'تنظیمات'!$B$7) | P14: =N14-O14*'تنظیمات'!$B$7 | Q14: =IF(J14=0,0,K14+IF(M14<=O14,'تنظیمات'!$B$7,0)+IF(M14=1,P14,0)) | R14: ='سطرهای تسهیم'!F6 | S14: ='سطرهای تسهیم'!G6 | T14: =IFERROR(INDEX('دسته‌ها'!$D$5:$D$25,MATCH(S14,'دسته‌ها'!$A$5:$A$25,0)),"خیر")
A15: ='سطرهای تسهیم'!A6 | B15: ='سطرهای تسهیم'!B6 | C15: ='واحدها'!A6 | D15: ='واحدها'!H6 | E15: ='سطرهای تسهیم'!D6 | F15: ='سطرهای تسهیم'!E6 | G15: =IF('واحدها'!F6="بله",'شمول'!C5,0) | H15: =CHOOSE(MATCH(E15,'فهرست‌ها'!$A$4:$A$13,0),1,'واحدها'!E6,'واحدها'!D6*100,'واحدها'!J6,'واحدها'!J6,'وزن‌ها'!C5,'وزن‌ها'!C5,'واحدها'!K6,'واحدها'!L6,0) | I15: =G15*H15 | J15: =SUMIFS($I$5:$I$265,$A$5:$A$265,A15) | K15: =IF(J15=0,0,'تنظیمات'!$B$7*INT(F15*I15/(J15*'تنظیمات'!$B$7))) | L15: =IF(J15=0,0,F15*I15-J15*'تنظیمات'!$B$7*INT(F15*I15/(J15*'تنظیمات'!$B$7))) | M15: =1+COUNTIFS($A$5:$A$265,A15,$L$5:$L$265,">"&L15)+COUNTIFS($A$5:$A$265,A15,$L$5:$L$265,L15,$D$5:$D$265,"<"&D15) | N15: =IF(J15=0,0,F15-SUMIFS($K$5:$K$265,$A$5:$A$265,A15)) | O15: =INT(N15/'تنظیمات'!$B$7) | P15: =N15-O15*'تنظیمات'!$B$7 | Q15: =IF(J15=0,0,K15+IF(M15<=O15,'تنظیمات'!$B$7,0)+IF(M15=1,P15,0)) | R15: ='سطرهای تسهیم'!F6 | S15: ='سطرهای تسهیم'!G6 | T15: =IFERROR(INDEX('دسته‌ها'!$D$5:$D$25,MATCH(S15,'دسته‌ها'!$A$5:$A$25,0)),"خیر")
A16: ='سطرهای تسهیم'!A6 | B16: ='سطرهای تسهیم'!B6 | C16: ='واحدها'!A7 | D16: ='واحدها'!H7 | E16: ='سطرهای تسهیم'!D6 | F16: ='سطرهای تسهیم'!E6 | G16: =IF('واحدها'!F7="بله",'شمول'!D5,0) | H16: =CHOOSE(MATCH(E16,'فهرست‌ها'!$A$4:$A$13,0),1,'واحدها'!E7,'واحدها'!D7*100,'واحدها'!J7,'واحدها'!J7,'وزن‌ها'!D5,'وزن‌ها'!D5,'واحدها'!K7,'واحدها'!L7,0) | I16: =G16*H16 | J16: =SUMIFS($I$5:$I$265,$A$5:$A$265,A16) | K16: =IF(J16=0,0,'تنظیمات'!$B$7*INT(F16*I16/(J16*'تنظیمات'!$B$7))) | L16: =IF(J16=0,0,F16*I16-J16*'تنظیمات'!$B$7*INT(F16*I16/(J16*'تنظیمات'!$B$7))) | M16: =1+COUNTIFS($A$5:$A$265,A16,$L$5:$L$265,">"&L16)+COUNTIFS($A$5:$A$265,A16,$L$5:$L$265,L16,$D$5:$D$265,"<"&D16) | N16: =IF(J16=0,0,F16-SUMIFS($K$5:$K$265,$A$5:$A$265,A16)) | O16: =INT(N16/'تنظیمات'!$B$7) | P16: =N16-O16*'تنظیمات'!$B$7 | Q16: =IF(J16=0,0,K16+IF(M16<=O16,'تنظیمات'!$B$7,0)+IF(M16=1,P16,0)) | R16: ='سطرهای تسهیم'!F6 | S16: ='سطرهای تسهیم'!G6 | T16: =IFERROR(INDEX('دسته‌ها'!$D$5:$D$25,MATCH(S16,'دسته‌ها'!$A$5:$A$25,0)),"خیر")
A17: ='سطرهای تسهیم'!A6 | B17: ='سطرهای تسهیم'!B6 | C17: ='واحدها'!A8 | D17: ='واحدها'!H8 | E17: ='سطرهای تسهیم'!D6 | F17: ='سطرهای تسهیم'!E6 | G17: =IF('واحدها'!F8="بله",'شمول'!E5,0) | H17: =CHOOSE(MATCH(E17,'فهرست‌ها'!$A$4:$A$13,0),1,'واحدها'!E8,'واحدها'!D8*100,'واحدها'!J8,'واحدها'!J8,'وزن‌ها'!E5,'وزن‌ها'!E5,'واحدها'!K8,'واحدها'!L8,0) | I17: =G17*H17 | J17: =SUMIFS($I$5:$I$265,$A$5:$A$265,A17) | K17: =IF(J17=0,0,'تنظیمات'!$B$7*INT(F17*I17/(J17*'تنظیمات'!$B$7))) | L17: =IF(J17=0,0,F17*I17-J17*'تنظیمات'!$B$7*INT(F17*I17/(J17*'تنظیمات'!$B$7))) | M17: =1+COUNTIFS($A$5:$A$265,A17,$L$5:$L$265,">"&L17)+COUNTIFS($A$5:$A$265,A17,$L$5:$L$265,L17,$D$5:$D$265,"<"&D17) | N17: =IF(J17=0,0,F17-SUMIFS($K$5:$K$265,$A$5:$A$265,A17)) | O17: =INT(N17/'تنظیمات'!$B$7) | P17: =N17-O17*'تنظیمات'!$B$7 | Q17: =IF(J17=0,0,K17+IF(M17<=O17,'تنظیمات'!$B$7,0)+IF(M17=1,P17,0)) | R17: ='سطرهای تسهیم'!F6 | S17: ='سطرهای تسهیم'!G6 | T17: =IFERROR(INDEX('دسته‌ها'!$D$5:$D$25,MATCH(S17,'دسته‌ها'!$A$5:$A$25,0)),"خیر")
A18: ='سطرهای تسهیم'!A6 | B18: ='سطرهای تسهیم'!B6 | C18: ='واحدها'!A9 | D18: ='واحدها'!H9 | E18: ='سطرهای تسهیم'!D6 | F18: ='سطرهای تسهیم'!E6 | G18: =IF('واحدها'!F9="بله",'شمول'!F5,0) | H18: =CHOOSE(MATCH(E18,'فهرست‌ها'!$A$4:$A$13,0),1,'واحدها'!E9,'واحدها'!D9*100,'واحدها'!J9,'واحدها'!J9,'وزن‌ها'!F5,'وزن‌ها'!F5,'واحدها'!K9,'واحدها'!L9,0) | I18: =G18*H18 | J18: =SUMIFS($I$5:$I$265,$A$5:$A$265,A18) | K18: =IF(J18=0,0,'تنظیمات'!$B$7*INT(F18*I18/(J18*'تنظیمات'!$B$7))) | L18: =IF(J18=0,0,F18*I18-J18*'تنظیمات'!$B$7*INT(F18*I18/(J18*'تنظیمات'!$B$7))) | M18: =1+COUNTIFS($A$5:$A$265,A18,$L$5:$L$265,">"&L18)+COUNTIFS($A$5:$A$265,A18,$L$5:$L$265,L18,$D$5:$D$265,"<"&D18) | N18: =IF(J18=0,0,F18-SUMIFS($K$5:$K$265,$A$5:$A$265,A18)) | O18: =INT(N18/'تنظیمات'!$B$7) | P18: =N18-O18*'تنظیمات'!$B$7 | Q18: =IF(J18=0,0,K18+IF(M18<=O18,'تنظیمات'!$B$7,0)+IF(M18=1,P18,0)) | R18: ='سطرهای تسهیم'!F6 | S18: ='سطرهای تسهیم'!G6 | T18: =IFERROR(INDEX('دسته‌ها'!$D$5:$D$25,MATCH(S18,'دسته‌ها'!$A$5:$A$25,0)),"خیر")
A19: ='سطرهای تسهیم'!A6 | B19: ='سطرهای تسهیم'!B6 | C19: ='واحدها'!A10 | D19: ='واحدها'!H10 | E19: ='سطرهای تسهیم'!D6 | F19: ='سطرهای تسهیم'!E6 | G19: =IF('واحدها'!F10="بله",'شمول'!G5,0) | H19: =CHOOSE(MATCH(E19,'فهرست‌ها'!$A$4:$A$13,0),1,'واحدها'!E10,'واحدها'!D10*100,'واحدها'!J10,'واحدها'!J10,'وزن‌ها'!G5,'وزن‌ها'!G5,'واحدها'!K10,'واحدها'!L10,0) | I19: =G19*H19 | J19: =SUMIFS($I$5:$I$265,$A$5:$A$265,A19) | K19: =IF(J19=0,0,'تنظیمات'!$B$7*INT(F19*I19/(J19*'تنظیمات'!$B$7))) | L19: =IF(J19=0,0,F19*I19-J19*'تنظیمات'!$B$7*INT(F19*I19/(J19*'تنظیمات'!$B$7))) | M19: =1+COUNTIFS($A$5:$A$265,A19,$L$5:$L$265,">"&L19)+COUNTIFS($A$5:$A$265,A19,$L$5:$L$265,L19,$D$5:$D$265,"<"&D19) | N19: =IF(J19=0,0,F19-SUMIFS($K$5:$K$265,$A$5:$A$265,A19)) | O19: =INT(N19/'تنظیمات'!$B$7) | P19: =N19-O19*'تنظیمات'!$B$7 | Q19: =IF(J19=0,0,K19+IF(M19<=O19,'تنظیمات'!$B$7,0)+IF(M19=1,P19,0)) | R19: ='سطرهای تسهیم'!F6 | S19: ='سطرهای تسهیم'!G6 | T19: =IFERROR(INDEX('دسته‌ها'!$D$5:$D$25,MATCH(S19,'دسته‌ها'!$A$5:$A$25,0)),"خیر")
A20: ='سطرهای تسهیم'!A6 | B20: ='سطرهای تسهیم'!B6 | C20: ='واحدها'!A11 | D20: ='واحدها'!H11 | E20: ='سطرهای تسهیم'!D6 | F20: ='سطرهای تسهیم'!E6 | G20: =IF('واحدها'!F11="بله",'شمول'!H5,0) | H20: =CHOOSE(MATCH(E20,'فهرست‌ها'!$A$4:$A$13,0),1,'واحدها'!E11,'واحدها'!D11*100,'واحدها'!J11,'واحدها'!J11,'وزن‌ها'!H5,'وزن‌ها'!H5,'واحدها'!K11,'واحدها'!L11,0) | I20: =G20*H20 | J20: =SUMIFS($I$5:$I$265,$A$5:$A$265,A20) | K20: =IF(J20=0,0,'تنظیمات'!$B$7*INT(F20*I20/(J20*'تنظیمات'!$B$7))) | L20: =IF(J20=0,0,F20*I20-J20*'تنظیمات'!$B$7*INT(F20*I20/(J20*'تنظیمات'!$B$7))) | M20: =1+COUNTIFS($A$5:$A$265,A20,$L$5:$L$265,">"&L20)+COUNTIFS($A$5:$A$265,A20,$L$5:$L$265,L20,$D$5:$D$265,"<"&D20) | N20: =IF(J20=0,0,F20-SUMIFS($K$5:$K$265,$A$5:$A$265,A20)) | O20: =INT(N20/'تنظیمات'!$B$7) | P20: =N20-O20*'تنظیمات'!$B$7 | Q20: =IF(J20=0,0,K20+IF(M20<=O20,'تنظیمات'!$B$7,0)+IF(M20=1,P20,0)) | R20: ='سطرهای تسهیم'!F6 | S20: ='سطرهای تسهیم'!G6 | T20: =IFERROR(INDEX('دسته‌ها'!$D$5:$D$25,MATCH(S20,'دسته‌ها'!$A$5:$A$25,0)),"خیر")
A21: ='سطرهای تسهیم'!A6 | B21: ='سطرهای تسهیم'!B6 | C21: ='واحدها'!A12 | D21: ='واحدها'!H12 | E21: ='سطرهای تسهیم'!D6 | F21: ='سطرهای تسهیم'!E6 | G21: =IF('واحدها'!F12="بله",'شمول'!I5,0) | H21: =CHOOSE(MATCH(E21,'فهرست‌ها'!$A$4:$A$13,0),1,'واحدها'!E12,'واحدها'!D12*100,'واحدها'!J12,'واحدها'!J12,'وزن‌ها'!I5,'وزن‌ها'!I5,'واحدها'!K12,'واحدها'!L12,0) | I21: =G21*H21 | J21: =SUMIFS($I$5:$I$265,$A$5:$A$265,A21) | K21: =IF(J21=0,0,'تنظیمات'!$B$7*INT(F21*I21/(J21*'تنظیمات'!$B$7))) | L21: =IF(J21=0,0,F21*I21-J21*'تنظیمات'!$B$7*INT(F21*I21/(J21*'تنظیمات'!$B$7))) | M21: =1+COUNTIFS($A$5:$A$265,A21,$L$5:$L$265,">"&L21)+COUNTIFS($A$5:$A$265,A21,$L$5:$L$265,L21,$D$5:$D$265,"<"&D21) | N21: =IF(J21=0,0,F21-SUMIFS($K$5:$K$265,$A$5:$A$265,A21)) | O21: =INT(N21/'تنظیمات'!$B$7) | P21: =N21-O21*'تنظیمات'!$B$7 | Q21: =IF(J21=0,0,K21+IF(M21<=O21,'تنظیمات'!$B$7,0)+IF(M21=1,P21,0)) | R21: ='سطرهای تسهیم'!F6 | S21: ='سطرهای تسهیم'!G6 | T21: =IFERROR(INDEX('دسته‌ها'!$D$5:$D$25,MATCH(S21,'دسته‌ها'!$A$5:$A$25,0)),"خیر")
A22: ='سطرهای تسهیم'!A6 | B22: ='سطرهای تسهیم'!B6 | C22: ='واحدها'!A13 | D22: ='واحدها'!H13 | E22: ='سطرهای تسهیم'!D6 | F22: ='سطرهای تسهیم'!E6 | G22: =IF('واحدها'!F13="بله",'شمول'!J5,0) | H22: =CHOOSE(MATCH(E22,'فهرست‌ها'!$A$4:$A$13,0),1,'واحدها'!E13,'واحدها'!D13*100,'واحدها'!J13,'واحدها'!J13,'وزن‌ها'!J5,'وزن‌ها'!J5,'واحدها'!K13,'واحدها'!L13,0) | I22: =G22*H22 | J22: =SUMIFS($I$5:$I$265,$A$5:$A$265,A22) | K22: =IF(J22=0,0,'تنظیمات'!$B$7*INT(F22*I22/(J22*'تنظیمات'!$B$7))) | L22: =IF(J22=0,0,F22*I22-J22*'تنظیمات'!$B$7*INT(F22*I22/(J22*'تنظیمات'!$B$7))) | M22: =1+COUNTIFS($A$5:$A$265,A22,$L$5:$L$265,">"&L22)+COUNTIFS($A$5:$A$265,A22,$L$5:$L$265,L22,$D$5:$D$265,"<"&D22) | N22: =IF(J22=0,0,F22-SUMIFS($K$5:$K$265,$A$5:$A$265,A22)) | O22: =INT(N22/'تنظیمات'!$B$7) | P22: =N22-O22*'تنظیمات'!$B$7 | Q22: =IF(J22=0,0,K22+IF(M22<=O22,'تنظیمات'!$B$7,0)+IF(M22=1,P22,0)) | R22: ='سطرهای تسهیم'!F6 | S22: ='سطرهای تسهیم'!G6 | T22: =IFERROR(INDEX('دسته‌ها'!$D$5:$D$25,MATCH(S22,'دسته‌ها'!$A$5:$A$25,0)),"خیر")
A23: ='سطرهای تسهیم'!A7 | B23: ='سطرهای تسهیم'!B7 | C23: ='واحدها'!A5 | D23: ='واحدها'!H5 | E23: ='سطرهای تسهیم'!D7 | F23: ='سطرهای تسهیم'!E7 | G23: =IF('واحدها'!F5="بله",'شمول'!B6,0) | H23: =CHOOSE(MATCH(E23,'فهرست‌ها'!$A$4:$A$13,0),1,'واحدها'!E5,'واحدها'!D5*100,'واحدها'!J5,'واحدها'!J5,'وزن‌ها'!B6,'وزن‌ها'!B6,'واحدها'!K5,'واحدها'!L5,0) | I23: =G23*H23 | J23: =SUMIFS($I$5:$I$265,$A$5:$A$265,A23) | K23: =IF(J23=0,0,'تنظیمات'!$B$7*INT(F23*I23/(J23*'تنظیمات'!$B$7))) | L23: =IF(J23=0,0,F23*I23-J23*'تنظیمات'!$B$7*INT(F23*I23/(J23*'تنظیمات'!$B$7))) | M23: =1+COUNTIFS($A$5:$A$265,A23,$L$5:$L$265,">"&L23)+COUNTIFS($A$5:$A$265,A23,$L$5:$L$265,L23,$D$5:$D$265,"<"&D23) | N23: =IF(J23=0,0,F23-SUMIFS($K$5:$K$265,$A$5:$A$265,A23)) | O23: =INT(N23/'تنظیمات'!$B$7) | P23: =N23-O23*'تنظیمات'!$B$7 | Q23: =IF(J23=0,0,K23+IF(M23<=O23,'تنظیمات'!$B$7,0)+IF(M23=1,P23,0)) | R23: ='سطرهای تسهیم'!F7 | S23: ='سطرهای تسهیم'!G7 | T23: =IFERROR(INDEX('دسته‌ها'!$D$5:$D$25,MATCH(S23,'دسته‌ها'!$A$5:$A$25,0)),"خیر")
A24: ='سطرهای تسهیم'!A7 | B24: ='سطرهای تسهیم'!B7 | C24: ='واحدها'!A6 | D24: ='واحدها'!H6 | E24: ='سطرهای تسهیم'!D7 | F24: ='سطرهای تسهیم'!E7 | G24: =IF('واحدها'!F6="بله",'شمول'!C6,0) | H24: =CHOOSE(MATCH(E24,'فهرست‌ها'!$A$4:$A$13,0),1,'واحدها'!E6,'واحدها'!D6*100,'واحدها'!J6,'واحدها'!J6,'وزن‌ها'!C6,'وزن‌ها'!C6,'واحدها'!K6,'واحدها'!L6,0) | I24: =G24*H24 | J24: =SUMIFS($I$5:$I$265,$A$5:$A$265,A24) | K24: =IF(J24=0,0,'تنظیمات'!$B$7*INT(F24*I24/(J24*'تنظیمات'!$B$7))) | L24: =IF(J24=0,0,F24*I24-J24*'تنظیمات'!$B$7*INT(F24*I24/(J24*'تنظیمات'!$B$7))) | M24: =1+COUNTIFS($A$5:$A$265,A24,$L$5:$L$265,">"&L24)+COUNTIFS($A$5:$A$265,A24,$L$5:$L$265,L24,$D$5:$D$265,"<"&D24) | N24: =IF(J24=0,0,F24-SUMIFS($K$5:$K$265,$A$5:$A$265,A24)) | O24: =INT(N24/'تنظیمات'!$B$7) | P24: =N24-O24*'تنظیمات'!$B$7 | Q24: =IF(J24=0,0,K24+IF(M24<=O24,'تنظیمات'!$B$7,0)+IF(M24=1,P24,0)) | R24: ='سطرهای تسهیم'!F7 | S24: ='سطرهای تسهیم'!G7 | T24: =IFERROR(INDEX('دسته‌ها'!$D$5:$D$25,MATCH(S24,'دسته‌ها'!$A$5:$A$25,0)),"خیر")
A25: ='سطرهای تسهیم'!A7 | B25: ='سطرهای تسهیم'!B7 | C25: ='واحدها'!A7 | D25: ='واحدها'!H7 | E25: ='سطرهای تسهیم'!D7 | F25: ='سطرهای تسهیم'!E7 | G25: =IF('واحدها'!F7="بله",'شمول'!D6,0) | H25: =CHOOSE(MATCH(E25,'فهرست‌ها'!$A$4:$A$13,0),1,'واحدها'!E7,'واحدها'!D7*100,'واحدها'!J7,'واحدها'!J7,'وزن‌ها'!D6,'وزن‌ها'!D6,'واحدها'!K7,'واحدها'!L7,0) | I25: =G25*H25 | J25: =SUMIFS($I$5:$I$265,$A$5:$A$265,A25) | K25: =IF(J25=0,0,'تنظیمات'!$B$7*INT(F25*I25/(J25*'تنظیمات'!$B$7))) | L25: =IF(J25=0,0,F25*I25-J25*'تنظیمات'!$B$7*INT(F25*I25/(J25*'تنظیمات'!$B$7))) | M25: =1+COUNTIFS($A$5:$A$265,A25,$L$5:$L$265,">"&L25)+COUNTIFS($A$5:$A$265,A25,$L$5:$L$265,L25,$D$5:$D$265,"<"&D25) | N25: =IF(J25=0,0,F25-SUMIFS($K$5:$K$265,$A$5:$A$265,A25)) | O25: =INT(N25/'تنظیمات'!$B$7) | P25: =N25-O25*'تنظیمات'!$B$7 | Q25: =IF(J25=0,0,K25+IF(M25<=O25,'تنظیمات'!$B$7,0)+IF(M25=1,P25,0)) | R25: ='سطرهای تسهیم'!F7 | S25: ='سطرهای تسهیم'!G7 | T25: =IFERROR(INDEX('دسته‌ها'!$D$5:$D$25,MATCH(S25,'دسته‌ها'!$A$5:$A$25,0)),"خیر")
A26: ='سطرهای تسهیم'!A7 | B26: ='سطرهای تسهیم'!B7 | C26: ='واحدها'!A8 | D26: ='واحدها'!H8 | E26: ='سطرهای تسهیم'!D7 | F26: ='سطرهای تسهیم'!E7 | G26: =IF('واحدها'!F8="بله",'شمول'!E6,0) | H26: =CHOOSE(MATCH(E26,'فهرست‌ها'!$A$4:$A$13,0),1,'واحدها'!E8,'واحدها'!D8*100,'واحدها'!J8,'واحدها'!J8,'وزن‌ها'!E6,'وزن‌ها'!E6,'واحدها'!K8,'واحدها'!L8,0) | I26: =G26*H26 | J26: =SUMIFS($I$5:$I$265,$A$5:$A$265,A26) | K26: =IF(J26=0,0,'تنظیمات'!$B$7*INT(F26*I26/(J26*'تنظیمات'!$B$7))) | L26: =IF(J26=0,0,F26*I26-J26*'تنظیمات'!$B$7*INT(F26*I26/(J26*'تنظیمات'!$B$7))) | M26: =1+COUNTIFS($A$5:$A$265,A26,$L$5:$L$265,">"&L26)+COUNTIFS($A$5:$A$265,A26,$L$5:$L$265,L26,$D$5:$D$265,"<"&D26) | N26: =IF(J26=0,0,F26-SUMIFS($K$5:$K$265,$A$5:$A$265,A26)) | O26: =INT(N26/'تنظیمات'!$B$7) | P26: =N26-O26*'تنظیمات'!$B$7 | Q26: =IF(J26=0,0,K26+IF(M26<=O26,'تنظیمات'!$B$7,0)+IF(M26=1,P26,0)) | R26: ='سطرهای تسهیم'!F7 | S26: ='سطرهای تسهیم'!G7 | T26: =IFERROR(INDEX('دسته‌ها'!$D$5:$D$25,MATCH(S26,'دسته‌ها'!$A$5:$A$25,0)),"خیر")
A27: ='سطرهای تسهیم'!A7 | B27: ='سطرهای تسهیم'!B7 | C27: ='واحدها'!A9 | D27: ='واحدها'!H9 | E27: ='سطرهای تسهیم'!D7 | F27: ='سطرهای تسهیم'!E7 | G27: =IF('واحدها'!F9="بله",'شمول'!F6,0) | H27: =CHOOSE(MATCH(E27,'فهرست‌ها'!$A$4:$A$13,0),1,'واحدها'!E9,'واحدها'!D9*100,'واحدها'!J9,'واحدها'!J9,'وزن‌ها'!F6,'وزن‌ها'!F6,'واحدها'!K9,'واحدها'!L9,0) | I27: =G27*H27 | J27: =SUMIFS($I$5:$I$265,$A$5:$A$265,A27) | K27: =IF(J27=0,0,'تنظیمات'!$B$7*INT(F27*I27/(J27*'تنظیمات'!$B$7))) | L27: =IF(J27=0,0,F27*I27-J27*'تنظیمات'!$B$7*INT(F27*I27/(J27*'تنظیمات'!$B$7))) | M27: =1+COUNTIFS($A$5:$A$265,A27,$L$5:$L$265,">"&L27)+COUNTIFS($A$5:$A$265,A27,$L$5:$L$265,L27,$D$5:$D$265,"<"&D27) | N27: =IF(J27=0,0,F27-SUMIFS($K$5:$K$265,$A$5:$A$265,A27)) | O27: =INT(N27/'تنظیمات'!$B$7) | P27: =N27-O27*'تنظیمات'!$B$7 | Q27: =IF(J27=0,0,K27+IF(M27<=O27,'تنظیمات'!$B$7,0)+IF(M27=1,P27,0)) | R27: ='سطرهای تسهیم'!F7 | S27: ='سطرهای تسهیم'!G7 | T27: =IFERROR(INDEX('دسته‌ها'!$D$5:$D$25,MATCH(S27,'دسته‌ها'!$A$5:$A$25,0)),"خیر")
A28: ='سطرهای تسهیم'!A7 | B28: ='سطرهای تسهیم'!B7 | C28: ='واحدها'!A10 | D28: ='واحدها'!H10 | E28: ='سطرهای تسهیم'!D7 | F28: ='سطرهای تسهیم'!E7 | G28: =IF('واحدها'!F10="بله",'شمول'!G6,0) | H28: =CHOOSE(MATCH(E28,'فهرست‌ها'!$A$4:$A$13,0),1,'واحدها'!E10,'واحدها'!D10*100,'واحدها'!J10,'واحدها'!J10,'وزن‌ها'!G6,'وزن‌ها'!G6,'واحدها'!K10,'واحدها'!L10,0) | I28: =G28*H28 | J28: =SUMIFS($I$5:$I$265,$A$5:$A$265,A28) | K28: =IF(J28=0,0,'تنظیمات'!$B$7*INT(F28*I28/(J28*'تنظیمات'!$B$7))) | L28: =IF(J28=0,0,F28*I28-J28*'تنظیمات'!$B$7*INT(F28*I28/(J28*'تنظیمات'!$B$7))) | M28: =1+COUNTIFS($A$5:$A$265,A28,$L$5:$L$265,">"&L28)+COUNTIFS($A$5:$A$265,A28,$L$5:$L$265,L28,$D$5:$D$265,"<"&D28) | N28: =IF(J28=0,0,F28-SUMIFS($K$5:$K$265,$A$5:$A$265,A28)) | O28: =INT(N28/'تنظیمات'!$B$7) | P28: =N28-O28*'تنظیمات'!$B$7 | Q28: =IF(J28=0,0,K28+IF(M28<=O28,'تنظیمات'!$B$7,0)+IF(M28=1,P28,0)) | R28: ='سطرهای تسهیم'!F7 | S28: ='سطرهای تسهیم'!G7 | T28: =IFERROR(INDEX('دسته‌ها'!$D$5:$D$25,MATCH(S28,'دسته‌ها'!$A$5:$A$25,0)),"خیر")
A29: ='سطرهای تسهیم'!A7 | B29: ='سطرهای تسهیم'!B7 | C29: ='واحدها'!A11 | D29: ='واحدها'!H11 | E29: ='سطرهای تسهیم'!D7 | F29: ='سطرهای تسهیم'!E7 | G29: =IF('واحدها'!F11="بله",'شمول'!H6,0) | H29: =CHOOSE(MATCH(E29,'فهرست‌ها'!$A$4:$A$13,0),1,'واحدها'!E11,'واحدها'!D11*100,'واحدها'!J11,'واحدها'!J11,'وزن‌ها'!H6,'وزن‌ها'!H6,'واحدها'!K11,'واحدها'!L11,0) | I29: =G29*H29 | J29: =SUMIFS($I$5:$I$265,$A$5:$A$265,A29) | K29: =IF(J29=0,0,'تنظیمات'!$B$7*INT(F29*I29/(J29*'تنظیمات'!$B$7))) | L29: =IF(J29=0,0,F29*I29-J29*'تنظیمات'!$B$7*INT(F29*I29/(J29*'تنظیمات'!$B$7))) | M29: =1+COUNTIFS($A$5:$A$265,A29,$L$5:$L$265,">"&L29)+COUNTIFS($A$5:$A$265,A29,$L$5:$L$265,L29,$D$5:$D$265,"<"&D29) | N29: =IF(J29=0,0,F29-SUMIFS($K$5:$K$265,$A$5:$A$265,A29)) | O29: =INT(N29/'تنظیمات'!$B$7) | P29: =N29-O29*'تنظیمات'!$B$7 | Q29: =IF(J29=0,0,K29+IF(M29<=O29,'تنظیمات'!$B$7,0)+IF(M29=1,P29,0)) | R29: ='سطرهای تسهیم'!F7 | S29: ='سطرهای تسهیم'!G7 | T29: =IFERROR(INDEX('دسته‌ها'!$D$5:$D$25,MATCH(S29,'دسته‌ها'!$A$5:$A$25,0)),"خیر")
A30: ='سطرهای تسهیم'!A7 | B30: ='سطرهای تسهیم'!B7 | C30: ='واحدها'!A12 | D30: ='واحدها'!H12 | E30: ='سطرهای تسهیم'!D7 | F30: ='سطرهای تسهیم'!E7 | G30: =IF('واحدها'!F12="بله",'شمول'!I6,0) | H30: =CHOOSE(MATCH(E30,'فهرست‌ها'!$A$4:$A$13,0),1,'واحدها'!E12,'واحدها'!D12*100,'واحدها'!J12,'واحدها'!J12,'وزن‌ها'!I6,'وزن‌ها'!I6,'واحدها'!K12,'واحدها'!L12,0) | I30: =G30*H30 | J30: =SUMIFS($I$5:$I$265,$A$5:$A$265,A30) | K30: =IF(J30=0,0,'تنظیمات'!$B$7*INT(F30*I30/(J30*'تنظیمات'!$B$7))) | L30: =IF(J30=0,0,F30*I30-J30*'تنظیمات'!$B$7*INT(F30*I30/(J30*'تنظیمات'!$B$7))) | M30: =1+COUNTIFS($A$5:$A$265,A30,$L$5:$L$265,">"&L30)+COUNTIFS($A$5:$A$265,A30,$L$5:$L$265,L30,$D$5:$D$265,"<"&D30) | N30: =IF(J30=0,0,F30-SUMIFS($K$5:$K$265,$A$5:$A$265,A30)) | O30: =INT(N30/'تنظیمات'!$B$7) | P30: =N30-O30*'تنظیمات'!$B$7 | Q30: =IF(J30=0,0,K30+IF(M30<=O30,'تنظیمات'!$B$7,0)+IF(M30=1,P30,0)) | R30: ='سطرهای تسهیم'!F7 | S30: ='سطرهای تسهیم'!G7 | T30: =IFERROR(INDEX('دسته‌ها'!$D$5:$D$25,MATCH(S30,'دسته‌ها'!$A$5:$A$25,0)),"خیر")
A31: ='سطرهای تسهیم'!A7 | B31: ='سطرهای تسهیم'!B7 | C31: ='واحدها'!A13 | D31: ='واحدها'!H13 | E31: ='سطرهای تسهیم'!D7 | F31: ='سطرهای تسهیم'!E7 | G31: =IF('واحدها'!F13="بله",'شمول'!J6,0) | H31: =CHOOSE(MATCH(E31,'فهرست‌ها'!$A$4:$A$13,0),1,'واحدها'!E13,'واحدها'!D13*100,'واحدها'!J13,'واحدها'!J13,'وزن‌ها'!J6,'وزن‌ها'!J6,'واحدها'!K13,'واحدها'!L13,0) | I31: =G31*H31 | J31: =SUMIFS($I$5:$I$265,$A$5:$A$265,A31) | K31: =IF(J31=0,0,'تنظیمات'!$B$7*INT(F31*I31/(J31*'تنظیمات'!$B$7))) | L31: =IF(J31=0,0,F31*I31-J31*'تنظیمات'!$B$7*INT(F31*I31/(J31*'تنظیمات'!$B$7))) | M31: =1+COUNTIFS($A$5:$A$265,A31,$L$5:$L$265,">"&L31)+COUNTIFS($A$5:$A$265,A31,$L$5:$L$265,L31,$D$5:$D$265,"<"&D31) | N31: =IF(J31=0,0,F31-SUMIFS($K$5:$K$265,$A$5:$A$265,A31)) | O31: =INT(N31/'تنظیمات'!$B$7) | P31: =N31-O31*'تنظیمات'!$B$7 | Q31: =IF(J31=0,0,K31+IF(M31<=O31,'تنظیمات'!$B$7,0)+IF(M31=1,P31,0)) | R31: ='سطرهای تسهیم'!F7 | S31: ='سطرهای تسهیم'!G7 | T31: =IFERROR(INDEX('دسته‌ها'!$D$5:$D$25,MATCH(S31,'دسته‌ها'!$A$5:$A$25,0)),"خیر")
A32: ='سطرهای تسهیم'!A8 | B32: ='سطرهای تسهیم'!B8 | C32: ='واحدها'!A5 | D32: ='واحدها'!H5 | E32: ='سطرهای تسهیم'!D8 | F32: ='سطرهای تسهیم'!E8 | G32: =IF('واحدها'!F5="بله",'شمول'!B6,0) | H32: =CHOOSE(MATCH(E32,'فهرست‌ها'!$A$4:$A$13,0),1,'واحدها'!E5,'واحدها'!D5*100,'واحدها'!J5,'واحدها'!J5,'وزن‌ها'!B6,'وزن‌ها'!B6,'واحدها'!K5,'واحدها'!L5,0) | I32: =G32*H32 | J32: =SUMIFS($I$5:$I$265,$A$5:$A$265,A32) | K32: =IF(J32=0,0,'تنظیمات'!$B$7*INT(F32*I32/(J32*'تنظیمات'!$B$7))) | L32: =IF(J32=0,0,F32*I32-J32*'تنظیمات'!$B$7*INT(F32*I32/(J32*'تنظیمات'!$B$7))) | M32: =1+COUNTIFS($A$5:$A$265,A32,$L$5:$L$265,">"&L32)+COUNTIFS($A$5:$A$265,A32,$L$5:$L$265,L32,$D$5:$D$265,"<"&D32) | N32: =IF(J32=0,0,F32-SUMIFS($K$5:$K$265,$A$5:$A$265,A32)) | O32: =INT(N32/'تنظیمات'!$B$7) | P32: =N32-O32*'تنظیمات'!$B$7 | Q32: =IF(J32=0,0,K32+IF(M32<=O32,'تنظیمات'!$B$7,0)+IF(M32=1,P32,0)) | R32: ='سطرهای تسهیم'!F8 | S32: ='سطرهای تسهیم'!G8 | T32: =IFERROR(INDEX('دسته‌ها'!$D$5:$D$25,MATCH(S32,'دسته‌ها'!$A$5:$A$25,0)),"خیر")
A33: ='سطرهای تسهیم'!A8 | B33: ='سطرهای تسهیم'!B8 | C33: ='واحدها'!A6 | D33: ='واحدها'!H6 | E33: ='سطرهای تسهیم'!D8 | F33: ='سطرهای تسهیم'!E8 | G33: =IF('واحدها'!F6="بله",'شمول'!C6,0) | H33: =CHOOSE(MATCH(E33,'فهرست‌ها'!$A$4:$A$13,0),1,'واحدها'!E6,'واحدها'!D6*100,'واحدها'!J6,'واحدها'!J6,'وزن‌ها'!C6,'وزن‌ها'!C6,'واحدها'!K6,'واحدها'!L6,0) | I33: =G33*H33 | J33: =SUMIFS($I$5:$I$265,$A$5:$A$265,A33) | K33: =IF(J33=0,0,'تنظیمات'!$B$7*INT(F33*I33/(J33*'تنظیمات'!$B$7))) | L33: =IF(J33=0,0,F33*I33-J33*'تنظیمات'!$B$7*INT(F33*I33/(J33*'تنظیمات'!$B$7))) | M33: =1+COUNTIFS($A$5:$A$265,A33,$L$5:$L$265,">"&L33)+COUNTIFS($A$5:$A$265,A33,$L$5:$L$265,L33,$D$5:$D$265,"<"&D33) | N33: =IF(J33=0,0,F33-SUMIFS($K$5:$K$265,$A$5:$A$265,A33)) | O33: =INT(N33/'تنظیمات'!$B$7) | P33: =N33-O33*'تنظیمات'!$B$7 | Q33: =IF(J33=0,0,K33+IF(M33<=O33,'تنظیمات'!$B$7,0)+IF(M33=1,P33,0)) | R33: ='سطرهای تسهیم'!F8 | S33: ='سطرهای تسهیم'!G8 | T33: =IFERROR(INDEX('دسته‌ها'!$D$5:$D$25,MATCH(S33,'دسته‌ها'!$A$5:$A$25,0)),"خیر")
A34: ='سطرهای تسهیم'!A8 | B34: ='سطرهای تسهیم'!B8 | C34: ='واحدها'!A7 | D34: ='واحدها'!H7 | E34: ='سطرهای تسهیم'!D8 | F34: ='سطرهای تسهیم'!E8 | G34: =IF('واحدها'!F7="بله",'شمول'!D6,0) | H34: =CHOOSE(MATCH(E34,'فهرست‌ها'!$A$4:$A$13,0),1,'واحدها'!E7,'واحدها'!D7*100,'واحدها'!J7,'واحدها'!J7,'وزن‌ها'!D6,'وزن‌ها'!D6,'واحدها'!K7,'واحدها'!L7,0) | I34: =G34*H34 | J34: =SUMIFS($I$5:$I$265,$A$5:$A$265,A34) | K34: =IF(J34=0,0,'تنظیمات'!$B$7*INT(F34*I34/(J34*'تنظیمات'!$B$7))) | L34: =IF(J34=0,0,F34*I34-J34*'تنظیمات'!$B$7*INT(F34*I34/(J34*'تنظیمات'!$B$7))) | M34: =1+COUNTIFS($A$5:$A$265,A34,$L$5:$L$265,">"&L34)+COUNTIFS($A$5:$A$265,A34,$L$5:$L$265,L34,$D$5:$D$265,"<"&D34) | N34: =IF(J34=0,0,F34-SUMIFS($K$5:$K$265,$A$5:$A$265,A34)) | O34: =INT(N34/'تنظیمات'!$B$7) | P34: =N34-O34*'تنظیمات'!$B$7 | Q34: =IF(J34=0,0,K34+IF(M34<=O34,'تنظیمات'!$B$7,0)+IF(M34=1,P34,0)) | R34: ='سطرهای تسهیم'!F8 | S34: ='سطرهای تسهیم'!G8 | T34: =IFERROR(INDEX('دسته‌ها'!$D$5:$D$25,MATCH(S34,'دسته‌ها'!$A$5:$A$25,0)),"خیر")
A35: ='سطرهای تسهیم'!A8 | B35: ='سطرهای تسهیم'!B8 | C35: ='واحدها'!A8 | D35: ='واحدها'!H8 | E35: ='سطرهای تسهیم'!D8 | F35: ='سطرهای تسهیم'!E8 | G35: =IF('واحدها'!F8="بله",'شمول'!E6,0) | H35: =CHOOSE(MATCH(E35,'فهرست‌ها'!$A$4:$A$13,0),1,'واحدها'!E8,'واحدها'!D8*100,'واحدها'!J8,'واحدها'!J8,'وزن‌ها'!E6,'وزن‌ها'!E6,'واحدها'!K8,'واحدها'!L8,0) | I35: =G35*H35 | J35: =SUMIFS($I$5:$I$265,$A$5:$A$265,A35) | K35: =IF(J35=0,0,'تنظیمات'!$B$7*INT(F35*I35/(J35*'تنظیمات'!$B$7))) | L35: =IF(J35=0,0,F35*I35-J35*'تنظیمات'!$B$7*INT(F35*I35/(J35*'تنظیمات'!$B$7))) | M35: =1+COUNTIFS($A$5:$A$265,A35,$L$5:$L$265,">"&L35)+COUNTIFS($A$5:$A$265,A35,$L$5:$L$265,L35,$D$5:$D$265,"<"&D35) | N35: =IF(J35=0,0,F35-SUMIFS($K$5:$K$265,$A$5:$A$265,A35)) | O35: =INT(N35/'تنظیمات'!$B$7) | P35: =N35-O35*'تنظیمات'!$B$7 | Q35: =IF(J35=0,0,K35+IF(M35<=O35,'تنظیمات'!$B$7,0)+IF(M35=1,P35,0)) | R35: ='سطرهای تسهیم'!F8 | S35: ='سطرهای تسهیم'!G8 | T35: =IFERROR(INDEX('دسته‌ها'!$D$5:$D$25,MATCH(S35,'دسته‌ها'!$A$5:$A$25,0)),"خیر")
A36: ='سطرهای تسهیم'!A8 | B36: ='سطرهای تسهیم'!B8 | C36: ='واحدها'!A9 | D36: ='واحدها'!H9 | E36: ='سطرهای تسهیم'!D8 | F36: ='سطرهای تسهیم'!E8 | G36: =IF('واحدها'!F9="بله",'شمول'!F6,0) | H36: =CHOOSE(MATCH(E36,'فهرست‌ها'!$A$4:$A$13,0),1,'واحدها'!E9,'واحدها'!D9*100,'واحدها'!J9,'واحدها'!J9,'وزن‌ها'!F6,'وزن‌ها'!F6,'واحدها'!K9,'واحدها'!L9,0) | I36: =G36*H36 | J36: =SUMIFS($I$5:$I$265,$A$5:$A$265,A36) | K36: =IF(J36=0,0,'تنظیمات'!$B$7*INT(F36*I36/(J36*'تنظیمات'!$B$7))) | L36: =IF(J36=0,0,F36*I36-J36*'تنظیمات'!$B$7*INT(F36*I36/(J36*'تنظیمات'!$B$7))) | M36: =1+COUNTIFS($A$5:$A$265,A36,$L$5:$L$265,">"&L36)+COUNTIFS($A$5:$A$265,A36,$L$5:$L$265,L36,$D$5:$D$265,"<"&D36) | N36: =IF(J36=0,0,F36-SUMIFS($K$5:$K$265,$A$5:$A$265,A36)) | O36: =INT(N36/'تنظیمات'!$B$7) | P36: =N36-O36*'تنظیمات'!$B$7 | Q36: =IF(J36=0,0,K36+IF(M36<=O36,'تنظیمات'!$B$7,0)+IF(M36=1,P36,0)) | R36: ='سطرهای تسهیم'!F8 | S36: ='سطرهای تسهیم'!G8 | T36: =IFERROR(INDEX('دسته‌ها'!$D$5:$D$25,MATCH(S36,'دسته‌ها'!$A$5:$A$25,0)),"خیر")
A37: ='سطرهای تسهیم'!A8 | B37: ='سطرهای تسهیم'!B8 | C37: ='واحدها'!A10 | D37: ='واحدها'!H10 | E37: ='سطرهای تسهیم'!D8 | F37: ='سطرهای تسهیم'!E8 | G37: =IF('واحدها'!F10="بله",'شمول'!G6,0) | H37: =CHOOSE(MATCH(E37,'فهرست‌ها'!$A$4:$A$13,0),1,'واحدها'!E10,'واحدها'!D10*100,'واحدها'!J10,'واحدها'!J10,'وزن‌ها'!G6,'وزن‌ها'!G6,'واحدها'!K10,'واحدها'!L10,0) | I37: =G37*H37 | J37: =SUMIFS($I$5:$I$265,$A$5:$A$265,A37) | K37: =IF(J37=0,0,'تنظیمات'!$B$7*INT(F37*I37/(J37*'تنظیمات'!$B$7))) | L37: =IF(J37=0,0,F37*I37-J37*'تنظیمات'!$B$7*INT(F37*I37/(J37*'تنظیمات'!$B$7))) | M37: =1+COUNTIFS($A$5:$A$265,A37,$L$5:$L$265,">"&L37)+COUNTIFS($A$5:$A$265,A37,$L$5:$L$265,L37,$D$5:$D$265,"<"&D37) | N37: =IF(J37=0,0,F37-SUMIFS($K$5:$K$265,$A$5:$A$265,A37)) | O37: =INT(N37/'تنظیمات'!$B$7) | P37: =N37-O37*'تنظیمات'!$B$7 | Q37: =IF(J37=0,0,K37+IF(M37<=O37,'تنظیمات'!$B$7,0)+IF(M37=1,P37,0)) | R37: ='سطرهای تسهیم'!F8 | S37: ='سطرهای تسهیم'!G8 | T37: =IFERROR(INDEX('دسته‌ها'!$D$5:$D$25,MATCH(S37,'دسته‌ها'!$A$5:$A$25,0)),"خیر")
A38: ='سطرهای تسهیم'!A8 | B38: ='سطرهای تسهیم'!B8 | C38: ='واحدها'!A11 | D38: ='واحدها'!H11 | E38: ='سطرهای تسهیم'!D8 | F38: ='سطرهای تسهیم'!E8 | G38: =IF('واحدها'!F11="بله",'شمول'!H6,0) | H38: =CHOOSE(MATCH(E38,'فهرست‌ها'!$A$4:$A$13,0),1,'واحدها'!E11,'واحدها'!D11*100,'واحدها'!J11,'واحدها'!J11,'وزن‌ها'!H6,'وزن‌ها'!H6,'واحدها'!K11,'واحدها'!L11,0) | I38: =G38*H38 | J38: =SUMIFS($I$5:$I$265,$A$5:$A$265,A38) | K38: =IF(J38=0,0,'تنظیمات'!$B$7*INT(F38*I38/(J38*'تنظیمات'!$B$7))) | L38: =IF(J38=0,0,F38*I38-J38*'تنظیمات'!$B$7*INT(F38*I38/(J38*'تنظیمات'!$B$7))) | M38: =1+COUNTIFS($A$5:$A$265,A38,$L$5:$L$265,">"&L38)+COUNTIFS($A$5:$A$265,A38,$L$5:$L$265,L38,$D$5:$D$265,"<"&D38) | N38: =IF(J38=0,0,F38-SUMIFS($K$5:$K$265,$A$5:$A$265,A38)) | O38: =INT(N38/'تنظیمات'!$B$7) | P38: =N38-O38*'تنظیمات'!$B$7 | Q38: =IF(J38=0,0,K38+IF(M38<=O38,'تنظیمات'!$B$7,0)+IF(M38=1,P38,0)) | R38: ='سطرهای تسهیم'!F8 | S38: ='سطرهای تسهیم'!G8 | T38: =IFERROR(INDEX('دسته‌ها'!$D$5:$D$25,MATCH(S38,'دسته‌ها'!$A$5:$A$25,0)),"خیر")
A39: ='سطرهای تسهیم'!A8 | B39: ='سطرهای تسهیم'!B8 | C39: ='واحدها'!A12 | D39: ='واحدها'!H12 | E39: ='سطرهای تسهیم'!D8 | F39: ='سطرهای تسهیم'!E8 | G39: =IF('واحدها'!F12="بله",'شمول'!I6,0) | H39: =CHOOSE(MATCH(E39,'فهرست‌ها'!$A$4:$A$13,0),1,'واحدها'!E12,'واحدها'!D12*100,'واحدها'!J12,'واحدها'!J12,'وزن‌ها'!I6,'وزن‌ها'!I6,'واحدها'!K12,'واحدها'!L12,0) | I39: =G39*H39 | J39: =SUMIFS($I$5:$I$265,$A$5:$A$265,A39) | K39: =IF(J39=0,0,'تنظیمات'!$B$7*INT(F39*I39/(J39*'تنظیمات'!$B$7))) | L39: =IF(J39=0,0,F39*I39-J39*'تنظیمات'!$B$7*INT(F39*I39/(J39*'تنظیمات'!$B$7))) | M39: =1+COUNTIFS($A$5:$A$265,A39,$L$5:$L$265,">"&L39)+COUNTIFS($A$5:$A$265,A39,$L$5:$L$265,L39,$D$5:$D$265,"<"&D39) | N39: =IF(J39=0,0,F39-SUMIFS($K$5:$K$265,$A$5:$A$265,A39)) | O39: =INT(N39/'تنظیمات'!$B$7) | P39: =N39-O39*'تنظیمات'!$B$7 | Q39: =IF(J39=0,0,K39+IF(M39<=O39,'تنظیمات'!$B$7,0)+IF(M39=1,P39,0)) | R39: ='سطرهای تسهیم'!F8 | S39: ='سطرهای تسهیم'!G8 | T39: =IFERROR(INDEX('دسته‌ها'!$D$5:$D$25,MATCH(S39,'دسته‌ها'!$A$5:$A$25,0)),"خیر")
A40: ='سطرهای تسهیم'!A8 | B40: ='سطرهای تسهیم'!B8 | C40: ='واحدها'!A13 | D40: ='واحدها'!H13 | E40: ='سطرهای تسهیم'!D8 | F40: ='سطرهای تسهیم'!E8 | G40: =IF('واحدها'!F13="بله",'شمول'!J6,0) | H40: =CHOOSE(MATCH(E40,'فهرست‌ها'!$A$4:$A$13,0),1,'واحدها'!E13,'واحدها'!D13*100,'واحدها'!J13,'واحدها'!J13,'وزن‌ها'!J6,'وزن‌ها'!J6,'واحدها'!K13,'واحدها'!L13,0) | I40: =G40*H40 | J40: =SUMIFS($I$5:$I$265,$A$5:$A$265,A40) | K40: =IF(J40=0,0,'تنظیمات'!$B$7*INT(F40*I40/(J40*'تنظیمات'!$B$7))) | L40: =IF(J40=0,0,F40*I40-J40*'تنظیمات'!$B$7*INT(F40*I40/(J40*'تنظیمات'!$B$7))) | M40: =1+COUNTIFS($A$5:$A$265,A40,$L$5:$L$265,">"&L40)+COUNTIFS($A$5:$A$265,A40,$L$5:$L$265,L40,$D$5:$D$265,"<"&D40) | N40: =IF(J40=0,0,F40-SUMIFS($K$5:$K$265,$A$5:$A$265,A40)) | O40: =INT(N40/'تنظیمات'!$B$7) | P40: =N40-O40*'تنظیمات'!$B$7 | Q40: =IF(J40=0,0,K40+IF(M40<=O40,'تنظیمات'!$B$7,0)+IF(M40=1,P40,0)) | R40: ='سطرهای تسهیم'!F8 | S40: ='سطرهای تسهیم'!G8 | T40: =IFERROR(INDEX('دسته‌ها'!$D$5:$D$25,MATCH(S40,'دسته‌ها'!$A$5:$A$25,0)),"خیر")
A41: ='سطرهای تسهیم'!A9 | B41: ='سطرهای تسهیم'!B9 | C41: ='واحدها'!A5 | D41: ='واحدها'!H5 | E41: ='سطرهای تسهیم'!D9 | F41: ='سطرهای تسهیم'!E9 | G41: =IF('واحدها'!F5="بله",'شمول'!B7,0) | H41: =CHOOSE(MATCH(E41,'فهرست‌ها'!$A$4:$A$13,0),1,'واحدها'!E5,'واحدها'!D5*100,'واحدها'!J5,'واحدها'!J5,'وزن‌ها'!B7,'وزن‌ها'!B7,'واحدها'!K5,'واحدها'!L5,0) | I41: =G41*H41 | J41: =SUMIFS($I$5:$I$265,$A$5:$A$265,A41) | K41: =IF(J41=0,0,'تنظیمات'!$B$7*INT(F41*I41/(J41*'تنظیمات'!$B$7))) | L41: =IF(J41=0,0,F41*I41-J41*'تنظیمات'!$B$7*INT(F41*I41/(J41*'تنظیمات'!$B$7))) | M41: =1+COUNTIFS($A$5:$A$265,A41,$L$5:$L$265,">"&L41)+COUNTIFS($A$5:$A$265,A41,$L$5:$L$265,L41,$D$5:$D$265,"<"&D41) | N41: =IF(J41=0,0,F41-SUMIFS($K$5:$K$265,$A$5:$A$265,A41)) | O41: =INT(N41/'تنظیمات'!$B$7) | P41: =N41-O41*'تنظیمات'!$B$7 | Q41: =IF(J41=0,0,K41+IF(M41<=O41,'تنظیمات'!$B$7,0)+IF(M41=1,P41,0)) | R41: ='سطرهای تسهیم'!F9 | S41: ='سطرهای تسهیم'!G9 | T41: =IFERROR(INDEX('دسته‌ها'!$D$5:$D$25,MATCH(S41,'دسته‌ها'!$A$5:$A$25,0)),"خیر")
A42: ='سطرهای تسهیم'!A9 | B42: ='سطرهای تسهیم'!B9 | C42: ='واحدها'!A6 | D42: ='واحدها'!H6 | E42: ='سطرهای تسهیم'!D9 | F42: ='سطرهای تسهیم'!E9 | G42: =IF('واحدها'!F6="بله",'شمول'!C7,0) | H42: =CHOOSE(MATCH(E42,'فهرست‌ها'!$A$4:$A$13,0),1,'واحدها'!E6,'واحدها'!D6*100,'واحدها'!J6,'واحدها'!J6,'وزن‌ها'!C7,'وزن‌ها'!C7,'واحدها'!K6,'واحدها'!L6,0) | I42: =G42*H42 | J42: =SUMIFS($I$5:$I$265,$A$5:$A$265,A42) | K42: =IF(J42=0,0,'تنظیمات'!$B$7*INT(F42*I42/(J42*'تنظیمات'!$B$7))) | L42: =IF(J42=0,0,F42*I42-J42*'تنظیمات'!$B$7*INT(F42*I42/(J42*'تنظیمات'!$B$7))) | M42: =1+COUNTIFS($A$5:$A$265,A42,$L$5:$L$265,">"&L42)+COUNTIFS($A$5:$A$265,A42,$L$5:$L$265,L42,$D$5:$D$265,"<"&D42) | N42: =IF(J42=0,0,F42-SUMIFS($K$5:$K$265,$A$5:$A$265,A42)) | O42: =INT(N42/'تنظیمات'!$B$7) | P42: =N42-O42*'تنظیمات'!$B$7 | Q42: =IF(J42=0,0,K42+IF(M42<=O42,'تنظیمات'!$B$7,0)+IF(M42=1,P42,0)) | R42: ='سطرهای تسهیم'!F9 | S42: ='سطرهای تسهیم'!G9 | T42: =IFERROR(INDEX('دسته‌ها'!$D$5:$D$25,MATCH(S42,'دسته‌ها'!$A$5:$A$25,0)),"خیر")
A43: ='سطرهای تسهیم'!A9 | B43: ='سطرهای تسهیم'!B9 | C43: ='واحدها'!A7 | D43: ='واحدها'!H7 | E43: ='سطرهای تسهیم'!D9 | F43: ='سطرهای تسهیم'!E9 | G43: =IF('واحدها'!F7="بله",'شمول'!D7,0) | H43: =CHOOSE(MATCH(E43,'فهرست‌ها'!$A$4:$A$13,0),1,'واحدها'!E7,'واحدها'!D7*100,'واحدها'!J7,'واحدها'!J7,'وزن‌ها'!D7,'وزن‌ها'!D7,'واحدها'!K7,'واحدها'!L7,0) | I43: =G43*H43 | J43: =SUMIFS($I$5:$I$265,$A$5:$A$265,A43) | K43: =IF(J43=0,0,'تنظیمات'!$B$7*INT(F43*I43/(J43*'تنظیمات'!$B$7))) | L43: =IF(J43=0,0,F43*I43-J43*'تنظیمات'!$B$7*INT(F43*I43/(J43*'تنظیمات'!$B$7))) | M43: =1+COUNTIFS($A$5:$A$265,A43,$L$5:$L$265,">"&L43)+COUNTIFS($A$5:$A$265,A43,$L$5:$L$265,L43,$D$5:$D$265,"<"&D43) | N43: =IF(J43=0,0,F43-SUMIFS($K$5:$K$265,$A$5:$A$265,A43)) | O43: =INT(N43/'تنظیمات'!$B$7) | P43: =N43-O43*'تنظیمات'!$B$7 | Q43: =IF(J43=0,0,K43+IF(M43<=O43,'تنظیمات'!$B$7,0)+IF(M43=1,P43,0)) | R43: ='سطرهای تسهیم'!F9 | S43: ='سطرهای تسهیم'!G9 | T43: =IFERROR(INDEX('دسته‌ها'!$D$5:$D$25,MATCH(S43,'دسته‌ها'!$A$5:$A$25,0)),"خیر")
A44: ='سطرهای تسهیم'!A9 | B44: ='سطرهای تسهیم'!B9 | C44: ='واحدها'!A8 | D44: ='واحدها'!H8 | E44: ='سطرهای تسهیم'!D9 | F44: ='سطرهای تسهیم'!E9 | G44: =IF('واحدها'!F8="بله",'شمول'!E7,0) | H44: =CHOOSE(MATCH(E44,'فهرست‌ها'!$A$4:$A$13,0),1,'واحدها'!E8,'واحدها'!D8*100,'واحدها'!J8,'واحدها'!J8,'وزن‌ها'!E7,'وزن‌ها'!E7,'واحدها'!K8,'واحدها'!L8,0) | I44: =G44*H44 | J44: =SUMIFS($I$5:$I$265,$A$5:$A$265,A44) | K44: =IF(J44=0,0,'تنظیمات'!$B$7*INT(F44*I44/(J44*'تنظیمات'!$B$7))) | L44: =IF(J44=0,0,F44*I44-J44*'تنظیمات'!$B$7*INT(F44*I44/(J44*'تنظیمات'!$B$7))) | M44: =1+COUNTIFS($A$5:$A$265,A44,$L$5:$L$265,">"&L44)+COUNTIFS($A$5:$A$265,A44,$L$5:$L$265,L44,$D$5:$D$265,"<"&D44) | N44: =IF(J44=0,0,F44-SUMIFS($K$5:$K$265,$A$5:$A$265,A44)) | O44: =INT(N44/'تنظیمات'!$B$7) | P44: =N44-O44*'تنظیمات'!$B$7 | Q44: =IF(J44=0,0,K44+IF(M44<=O44,'تنظیمات'!$B$7,0)+IF(M44=1,P44,0)) | R44: ='سطرهای تسهیم'!F9 | S44: ='سطرهای تسهیم'!G9 | T44: =IFERROR(INDEX('دسته‌ها'!$D$5:$D$25,MATCH(S44,'دسته‌ها'!$A$5:$A$25,0)),"خیر")
A45: ='سطرهای تسهیم'!A9 | B45: ='سطرهای تسهیم'!B9 | C45: ='واحدها'!A9 | D45: ='واحدها'!H9 | E45: ='سطرهای تسهیم'!D9 | F45: ='سطرهای تسهیم'!E9 | G45: =IF('واحدها'!F9="بله",'شمول'!F7,0) | H45: =CHOOSE(MATCH(E45,'فهرست‌ها'!$A$4:$A$13,0),1,'واحدها'!E9,'واحدها'!D9*100,'واحدها'!J9,'واحدها'!J9,'وزن‌ها'!F7,'وزن‌ها'!F7,'واحدها'!K9,'واحدها'!L9,0) | I45: =G45*H45 | J45: =SUMIFS($I$5:$I$265,$A$5:$A$265,A45) | K45: =IF(J45=0,0,'تنظیمات'!$B$7*INT(F45*I45/(J45*'تنظیمات'!$B$7))) | L45: =IF(J45=0,0,F45*I45-J45*'تنظیمات'!$B$7*INT(F45*I45/(J45*'تنظیمات'!$B$7))) | M45: =1+COUNTIFS($A$5:$A$265,A45,$L$5:$L$265,">"&L45)+COUNTIFS($A$5:$A$265,A45,$L$5:$L$265,L45,$D$5:$D$265,"<"&D45) | N45: =IF(J45=0,0,F45-SUMIFS($K$5:$K$265,$A$5:$A$265,A45)) | O45: =INT(N45/'تنظیمات'!$B$7) | P45: =N45-O45*'تنظیمات'!$B$7 | Q45: =IF(J45=0,0,K45+IF(M45<=O45,'تنظیمات'!$B$7,0)+IF(M45=1,P45,0)) | R45: ='سطرهای تسهیم'!F9 | S45: ='سطرهای تسهیم'!G9 | T45: =IFERROR(INDEX('دسته‌ها'!$D$5:$D$25,MATCH(S45,'دسته‌ها'!$A$5:$A$25,0)),"خیر")
A46: ='سطرهای تسهیم'!A9 | B46: ='سطرهای تسهیم'!B9 | C46: ='واحدها'!A10 | D46: ='واحدها'!H10 | E46: ='سطرهای تسهیم'!D9 | F46: ='سطرهای تسهیم'!E9 | G46: =IF('واحدها'!F10="بله",'شمول'!G7,0) | H46: =CHOOSE(MATCH(E46,'فهرست‌ها'!$A$4:$A$13,0),1,'واحدها'!E10,'واحدها'!D10*100,'واحدها'!J10,'واحدها'!J10,'وزن‌ها'!G7,'وزن‌ها'!G7,'واحدها'!K10,'واحدها'!L10,0) | I46: =G46*H46 | J46: =SUMIFS($I$5:$I$265,$A$5:$A$265,A46) | K46: =IF(J46=0,0,'تنظیمات'!$B$7*INT(F46*I46/(J46*'تنظیمات'!$B$7))) | L46: =IF(J46=0,0,F46*I46-J46*'تنظیمات'!$B$7*INT(F46*I46/(J46*'تنظیمات'!$B$7))) | M46: =1+COUNTIFS($A$5:$A$265,A46,$L$5:$L$265,">"&L46)+COUNTIFS($A$5:$A$265,A46,$L$5:$L$265,L46,$D$5:$D$265,"<"&D46) | N46: =IF(J46=0,0,F46-SUMIFS($K$5:$K$265,$A$5:$A$265,A46)) | O46: =INT(N46/'تنظیمات'!$B$7) | P46: =N46-O46*'تنظیمات'!$B$7 | Q46: =IF(J46=0,0,K46+IF(M46<=O46,'تنظیمات'!$B$7,0)+IF(M46=1,P46,0)) | R46: ='سطرهای تسهیم'!F9 | S46: ='سطرهای تسهیم'!G9 | T46: =IFERROR(INDEX('دسته‌ها'!$D$5:$D$25,MATCH(S46,'دسته‌ها'!$A$5:$A$25,0)),"خیر")
A47: ='سطرهای تسهیم'!A9 | B47: ='سطرهای تسهیم'!B9 | C47: ='واحدها'!A11 | D47: ='واحدها'!H11 | E47: ='سطرهای تسهیم'!D9 | F47: ='سطرهای تسهیم'!E9 | G47: =IF('واحدها'!F11="بله",'شمول'!H7,0) | H47: =CHOOSE(MATCH(E47,'فهرست‌ها'!$A$4:$A$13,0),1,'واحدها'!E11,'واحدها'!D11*100,'واحدها'!J11,'واحدها'!J11,'وزن‌ها'!H7,'وزن‌ها'!H7,'واحدها'!K11,'واحدها'!L11,0) | I47: =G47*H47 | J47: =SUMIFS($I$5:$I$265,$A$5:$A$265,A47) | K47: =IF(J47=0,0,'تنظیمات'!$B$7*INT(F47*I47/(J47*'تنظیمات'!$B$7))) | L47: =IF(J47=0,0,F47*I47-J47*'تنظیمات'!$B$7*INT(F47*I47/(J47*'تنظیمات'!$B$7))) | M47: =1+COUNTIFS($A$5:$A$265,A47,$L$5:$L$265,">"&L47)+COUNTIFS($A$5:$A$265,A47,$L$5:$L$265,L47,$D$5:$D$265,"<"&D47) | N47: =IF(J47=0,0,F47-SUMIFS($K$5:$K$265,$A$5:$A$265,A47)) | O47: =INT(N47/'تنظیمات'!$B$7) | P47: =N47-O47*'تنظیمات'!$B$7 | Q47: =IF(J47=0,0,K47+IF(M47<=O47,'تنظیمات'!$B$7,0)+IF(M47=1,P47,0)) | R47: ='سطرهای تسهیم'!F9 | S47: ='سطرهای تسهیم'!G9 | T47: =IFERROR(INDEX('دسته‌ها'!$D$5:$D$25,MATCH(S47,'دسته‌ها'!$A$5:$A$25,0)),"خیر")
A48: ='سطرهای تسهیم'!A9 | B48: ='سطرهای تسهیم'!B9 | C48: ='واحدها'!A12 | D48: ='واحدها'!H12 | E48: ='سطرهای تسهیم'!D9 | F48: ='سطرهای تسهیم'!E9 | G48: =IF('واحدها'!F12="بله",'شمول'!I7,0) | H48: =CHOOSE(MATCH(E48,'فهرست‌ها'!$A$4:$A$13,0),1,'واحدها'!E12,'واحدها'!D12*100,'واحدها'!J12,'واحدها'!J12,'وزن‌ها'!I7,'وزن‌ها'!I7,'واحدها'!K12,'واحدها'!L12,0) | I48: =G48*H48 | J48: =SUMIFS($I$5:$I$265,$A$5:$A$265,A48) | K48: =IF(J48=0,0,'تنظیمات'!$B$7*INT(F48*I48/(J48*'تنظیمات'!$B$7))) | L48: =IF(J48=0,0,F48*I48-J48*'تنظیمات'!$B$7*INT(F48*I48/(J48*'تنظیمات'!$B$7))) | M48: =1+COUNTIFS($A$5:$A$265,A48,$L$5:$L$265,">"&L48)+COUNTIFS($A$5:$A$265,A48,$L$5:$L$265,L48,$D$5:$D$265,"<"&D48) | N48: =IF(J48=0,0,F48-SUMIFS($K$5:$K$265,$A$5:$A$265,A48)) | O48: =INT(N48/'تنظیمات'!$B$7) | P48: =N48-O48*'تنظیمات'!$B$7 | Q48: =IF(J48=0,0,K48+IF(M48<=O48,'تنظیمات'!$B$7,0)+IF(M48=1,P48,0)) | R48: ='سطرهای تسهیم'!F9 | S48: ='سطرهای تسهیم'!G9 | T48: =IFERROR(INDEX('دسته‌ها'!$D$5:$D$25,MATCH(S48,'دسته‌ها'!$A$5:$A$25,0)),"خیر")
A49: ='سطرهای تسهیم'!A9 | B49: ='سطرهای تسهیم'!B9 | C49: ='واحدها'!A13 | D49: ='واحدها'!H13 | E49: ='سطرهای تسهیم'!D9 | F49: ='سطرهای تسهیم'!E9 | G49: =IF('واحدها'!F13="بله",'شمول'!J7,0) | H49: =CHOOSE(MATCH(E49,'فهرست‌ها'!$A$4:$A$13,0),1,'واحدها'!E13,'واحدها'!D13*100,'واحدها'!J13,'واحدها'!J13,'وزن‌ها'!J7,'وزن‌ها'!J7,'واحدها'!K13,'واحدها'!L13,0) | I49: =G49*H49 | J49: =SUMIFS($I$5:$I$265,$A$5:$A$265,A49) | K49: =IF(J49=0,0,'تنظیمات'!$B$7*INT(F49*I49/(J49*'تنظیمات'!$B$7))) | L49: =IF(J49=0,0,F49*I49-J49*'تنظیمات'!$B$7*INT(F49*I49/(J49*'تنظیمات'!$B$7))) | M49: =1+COUNTIFS($A$5:$A$265,A49,$L$5:$L$265,">"&L49)+COUNTIFS($A$5:$A$265,A49,$L$5:$L$265,L49,$D$5:$D$265,"<"&D49) | N49: =IF(J49=0,0,F49-SUMIFS($K$5:$K$265,$A$5:$A$265,A49)) | O49: =INT(N49/'تنظیمات'!$B$7) | P49: =N49-O49*'تنظیمات'!$B$7 | Q49: =IF(J49=0,0,K49+IF(M49<=O49,'تنظیمات'!$B$7,0)+IF(M49=1,P49,0)) | R49: ='سطرهای تسهیم'!F9 | S49: ='سطرهای تسهیم'!G9 | T49: =IFERROR(INDEX('دسته‌ها'!$D$5:$D$25,MATCH(S49,'دسته‌ها'!$A$5:$A$25,0)),"خیر")
A50: ='سطرهای تسهیم'!A10 | B50: ='سطرهای تسهیم'!B10 | C50: ='واحدها'!A5 | D50: ='واحدها'!H5 | E50: ='سطرهای تسهیم'!D10 | F50: ='سطرهای تسهیم'!E10 | G50: =IF('واحدها'!F5="بله",'شمول'!B7,0) | H50: =CHOOSE(MATCH(E50,'فهرست‌ها'!$A$4:$A$13,0),1,'واحدها'!E5,'واحدها'!D5*100,'واحدها'!J5,'واحدها'!J5,'وزن‌ها'!B7,'وزن‌ها'!B7,'واحدها'!K5,'واحدها'!L5,0) | I50: =G50*H50 | J50: =SUMIFS($I$5:$I$265,$A$5:$A$265,A50) | K50: =IF(J50=0,0,'تنظیمات'!$B$7*INT(F50*I50/(J50*'تنظیمات'!$B$7))) | L50: =IF(J50=0,0,F50*I50-J50*'تنظیمات'!$B$7*INT(F50*I50/(J50*'تنظیمات'!$B$7))) | M50: =1+COUNTIFS($A$5:$A$265,A50,$L$5:$L$265,">"&L50)+COUNTIFS($A$5:$A$265,A50,$L$5:$L$265,L50,$D$5:$D$265,"<"&D50) | N50: =IF(J50=0,0,F50-SUMIFS($K$5:$K$265,$A$5:$A$265,A50)) | O50: =INT(N50/'تنظیمات'!$B$7) | P50: =N50-O50*'تنظیمات'!$B$7 | Q50: =IF(J50=0,0,K50+IF(M50<=O50,'تنظیمات'!$B$7,0)+IF(M50=1,P50,0)) | R50: ='سطرهای تسهیم'!F10 | S50: ='سطرهای تسهیم'!G10 | T50: =IFERROR(INDEX('دسته‌ها'!$D$5:$D$25,MATCH(S50,'دسته‌ها'!$A$5:$A$25,0)),"خیر")
A51: ='سطرهای تسهیم'!A10 | B51: ='سطرهای تسهیم'!B10 | C51: ='واحدها'!A6 | D51: ='واحدها'!H6 | E51: ='سطرهای تسهیم'!D10 | F51: ='سطرهای تسهیم'!E10 | G51: =IF('واحدها'!F6="بله",'شمول'!C7,0) | H51: =CHOOSE(MATCH(E51,'فهرست‌ها'!$A$4:$A$13,0),1,'واحدها'!E6,'واحدها'!D6*100,'واحدها'!J6,'واحدها'!J6,'وزن‌ها'!C7,'وزن‌ها'!C7,'واحدها'!K6,'واحدها'!L6,0) | I51: =G51*H51 | J51: =SUMIFS($I$5:$I$265,$A$5:$A$265,A51) | K51: =IF(J51=0,0,'تنظیمات'!$B$7*INT(F51*I51/(J51*'تنظیمات'!$B$7))) | L51: =IF(J51=0,0,F51*I51-J51*'تنظیمات'!$B$7*INT(F51*I51/(J51*'تنظیمات'!$B$7))) | M51: =1+COUNTIFS($A$5:$A$265,A51,$L$5:$L$265,">"&L51)+COUNTIFS($A$5:$A$265,A51,$L$5:$L$265,L51,$D$5:$D$265,"<"&D51) | N51: =IF(J51=0,0,F51-SUMIFS($K$5:$K$265,$A$5:$A$265,A51)) | O51: =INT(N51/'تنظیمات'!$B$7) | P51: =N51-O51*'تنظیمات'!$B$7 | Q51: =IF(J51=0,0,K51+IF(M51<=O51,'تنظیمات'!$B$7,0)+IF(M51=1,P51,0)) | R51: ='سطرهای تسهیم'!F10 | S51: ='سطرهای تسهیم'!G10 | T51: =IFERROR(INDEX('دسته‌ها'!$D$5:$D$25,MATCH(S51,'دسته‌ها'!$A$5:$A$25,0)),"خیر")
A52: ='سطرهای تسهیم'!A10 | B52: ='سطرهای تسهیم'!B10 | C52: ='واحدها'!A7 | D52: ='واحدها'!H7 | E52: ='سطرهای تسهیم'!D10 | F52: ='سطرهای تسهیم'!E10 | G52: =IF('واحدها'!F7="بله",'شمول'!D7,0) | H52: =CHOOSE(MATCH(E52,'فهرست‌ها'!$A$4:$A$13,0),1,'واحدها'!E7,'واحدها'!D7*100,'واحدها'!J7,'واحدها'!J7,'وزن‌ها'!D7,'وزن‌ها'!D7,'واحدها'!K7,'واحدها'!L7,0) | I52: =G52*H52 | J52: =SUMIFS($I$5:$I$265,$A$5:$A$265,A52) | K52: =IF(J52=0,0,'تنظیمات'!$B$7*INT(F52*I52/(J52*'تنظیمات'!$B$7))) | L52: =IF(J52=0,0,F52*I52-J52*'تنظیمات'!$B$7*INT(F52*I52/(J52*'تنظیمات'!$B$7))) | M52: =1+COUNTIFS($A$5:$A$265,A52,$L$5:$L$265,">"&L52)+COUNTIFS($A$5:$A$265,A52,$L$5:$L$265,L52,$D$5:$D$265,"<"&D52) | N52: =IF(J52=0,0,F52-SUMIFS($K$5:$K$265,$A$5:$A$265,A52)) | O52: =INT(N52/'تنظیمات'!$B$7) | P52: =N52-O52*'تنظیمات'!$B$7 | Q52: =IF(J52=0,0,K52+IF(M52<=O52,'تنظیمات'!$B$7,0)+IF(M52=1,P52,0)) | R52: ='سطرهای تسهیم'!F10 | S52: ='سطرهای تسهیم'!G10 | T52: =IFERROR(INDEX('دسته‌ها'!$D$5:$D$25,MATCH(S52,'دسته‌ها'!$A$5:$A$25,0)),"خیر")
A53: ='سطرهای تسهیم'!A10 | B53: ='سطرهای تسهیم'!B10 | C53: ='واحدها'!A8 | D53: ='واحدها'!H8 | E53: ='سطرهای تسهیم'!D10 | F53: ='سطرهای تسهیم'!E10 | G53: =IF('واحدها'!F8="بله",'شمول'!E7,0) | H53: =CHOOSE(MATCH(E53,'فهرست‌ها'!$A$4:$A$13,0),1,'واحدها'!E8,'واحدها'!D8*100,'واحدها'!J8,'واحدها'!J8,'وزن‌ها'!E7,'وزن‌ها'!E7,'واحدها'!K8,'واحدها'!L8,0) | I53: =G53*H53 | J53: =SUMIFS($I$5:$I$265,$A$5:$A$265,A53) | K53: =IF(J53=0,0,'تنظیمات'!$B$7*INT(F53*I53/(J53*'تنظیمات'!$B$7))) | L53: =IF(J53=0,0,F53*I53-J53*'تنظیمات'!$B$7*INT(F53*I53/(J53*'تنظیمات'!$B$7))) | M53: =1+COUNTIFS($A$5:$A$265,A53,$L$5:$L$265,">"&L53)+COUNTIFS($A$5:$A$265,A53,$L$5:$L$265,L53,$D$5:$D$265,"<"&D53) | N53: =IF(J53=0,0,F53-SUMIFS($K$5:$K$265,$A$5:$A$265,A53)) | O53: =INT(N53/'تنظیمات'!$B$7) | P53: =N53-O53*'تنظیمات'!$B$7 | Q53: =IF(J53=0,0,K53+IF(M53<=O53,'تنظیمات'!$B$7,0)+IF(M53=1,P53,0)) | R53: ='سطرهای تسهیم'!F10 | S53: ='سطرهای تسهیم'!G10 | T53: =IFERROR(INDEX('دسته‌ها'!$D$5:$D$25,MATCH(S53,'دسته‌ها'!$A$5:$A$25,0)),"خیر")
A54: ='سطرهای تسهیم'!A10 | B54: ='سطرهای تسهیم'!B10 | C54: ='واحدها'!A9 | D54: ='واحدها'!H9 | E54: ='سطرهای تسهیم'!D10 | F54: ='سطرهای تسهیم'!E10 | G54: =IF('واحدها'!F9="بله",'شمول'!F7,0) | H54: =CHOOSE(MATCH(E54,'فهرست‌ها'!$A$4:$A$13,0),1,'واحدها'!E9,'واحدها'!D9*100,'واحدها'!J9,'واحدها'!J9,'وزن‌ها'!F7,'وزن‌ها'!F7,'واحدها'!K9,'واحدها'!L9,0) | I54: =G54*H54 | J54: =SUMIFS($I$5:$I$265,$A$5:$A$265,A54) | K54: =IF(J54=0,0,'تنظیمات'!$B$7*INT(F54*I54/(J54*'تنظیمات'!$B$7))) | L54: =IF(J54=0,0,F54*I54-J54*'تنظیمات'!$B$7*INT(F54*I54/(J54*'تنظیمات'!$B$7))) | M54: =1+COUNTIFS($A$5:$A$265,A54,$L$5:$L$265,">"&L54)+COUNTIFS($A$5:$A$265,A54,$L$5:$L$265,L54,$D$5:$D$265,"<"&D54) | N54: =IF(J54=0,0,F54-SUMIFS($K$5:$K$265,$A$5:$A$265,A54)) | O54: =INT(N54/'تنظیمات'!$B$7) | P54: =N54-O54*'تنظیمات'!$B$7 | Q54: =IF(J54=0,0,K54+IF(M54<=O54,'تنظیمات'!$B$7,0)+IF(M54=1,P54,0)) | R54: ='سطرهای تسهیم'!F10 | S54: ='سطرهای تسهیم'!G10 | T54: =IFERROR(INDEX('دسته‌ها'!$D$5:$D$25,MATCH(S54,'دسته‌ها'!$A$5:$A$25,0)),"خیر")
A55: ='سطرهای تسهیم'!A10 | B55: ='سطرهای تسهیم'!B10 | C55: ='واحدها'!A10 | D55: ='واحدها'!H10 | E55: ='سطرهای تسهیم'!D10 | F55: ='سطرهای تسهیم'!E10 | G55: =IF('واحدها'!F10="بله",'شمول'!G7,0) | H55: =CHOOSE(MATCH(E55,'فهرست‌ها'!$A$4:$A$13,0),1,'واحدها'!E10,'واحدها'!D10*100,'واحدها'!J10,'واحدها'!J10,'وزن‌ها'!G7,'وزن‌ها'!G7,'واحدها'!K10,'واحدها'!L10,0) | I55: =G55*H55 | J55: =SUMIFS($I$5:$I$265,$A$5:$A$265,A55) | K55: =IF(J55=0,0,'تنظیمات'!$B$7*INT(F55*I55/(J55*'تنظیمات'!$B$7))) | L55: =IF(J55=0,0,F55*I55-J55*'تنظیمات'!$B$7*INT(F55*I55/(J55*'تنظیمات'!$B$7))) | M55: =1+COUNTIFS($A$5:$A$265,A55,$L$5:$L$265,">"&L55)+COUNTIFS($A$5:$A$265,A55,$L$5:$L$265,L55,$D$5:$D$265,"<"&D55) | N55: =IF(J55=0,0,F55-SUMIFS($K$5:$K$265,$A$5:$A$265,A55)) | O55: =INT(N55/'تنظیمات'!$B$7) | P55: =N55-O55*'تنظیمات'!$B$7 | Q55: =IF(J55=0,0,K55+IF(M55<=O55,'تنظیمات'!$B$7,0)+IF(M55=1,P55,0)) | R55: ='سطرهای تسهیم'!F10 | S55: ='سطرهای تسهیم'!G10 | T55: =IFERROR(INDEX('دسته‌ها'!$D$5:$D$25,MATCH(S55,'دسته‌ها'!$A$5:$A$25,0)),"خیر")
A56: ='سطرهای تسهیم'!A10 | B56: ='سطرهای تسهیم'!B10 | C56: ='واحدها'!A11 | D56: ='واحدها'!H11 | E56: ='سطرهای تسهیم'!D10 | F56: ='سطرهای تسهیم'!E10 | G56: =IF('واحدها'!F11="بله",'شمول'!H7,0) | H56: =CHOOSE(MATCH(E56,'فهرست‌ها'!$A$4:$A$13,0),1,'واحدها'!E11,'واحدها'!D11*100,'واحدها'!J11,'واحدها'!J11,'وزن‌ها'!H7,'وزن‌ها'!H7,'واحدها'!K11,'واحدها'!L11,0) | I56: =G56*H56 | J56: =SUMIFS($I$5:$I$265,$A$5:$A$265,A56) | K56: =IF(J56=0,0,'تنظیمات'!$B$7*INT(F56*I56/(J56*'تنظیمات'!$B$7))) | L56: =IF(J56=0,0,F56*I56-J56*'تنظیمات'!$B$7*INT(F56*I56/(J56*'تنظیمات'!$B$7))) | M56: =1+COUNTIFS($A$5:$A$265,A56,$L$5:$L$265,">"&L56)+COUNTIFS($A$5:$A$265,A56,$L$5:$L$265,L56,$D$5:$D$265,"<"&D56) | N56: =IF(J56=0,0,F56-SUMIFS($K$5:$K$265,$A$5:$A$265,A56)) | O56: =INT(N56/'تنظیمات'!$B$7) | P56: =N56-O56*'تنظیمات'!$B$7 | Q56: =IF(J56=0,0,K56+IF(M56<=O56,'تنظیمات'!$B$7,0)+IF(M56=1,P56,0)) | R56: ='سطرهای تسهیم'!F10 | S56: ='سطرهای تسهیم'!G10 | T56: =IFERROR(INDEX('دسته‌ها'!$D$5:$D$25,MATCH(S56,'دسته‌ها'!$A$5:$A$25,0)),"خیر")
A57: ='سطرهای تسهیم'!A10 | B57: ='سطرهای تسهیم'!B10 | C57: ='واحدها'!A12 | D57: ='واحدها'!H12 | E57: ='سطرهای تسهیم'!D10 | F57: ='سطرهای تسهیم'!E10 | G57: =IF('واحدها'!F12="بله",'شمول'!I7,0) | H57: =CHOOSE(MATCH(E57,'فهرست‌ها'!$A$4:$A$13,0),1,'واحدها'!E12,'واحدها'!D12*100,'واحدها'!J12,'واحدها'!J12,'وزن‌ها'!I7,'وزن‌ها'!I7,'واحدها'!K12,'واحدها'!L12,0) | I57: =G57*H57 | J57: =SUMIFS($I$5:$I$265,$A$5:$A$265,A57) | K57: =IF(J57=0,0,'تنظیمات'!$B$7*INT(F57*I57/(J57*'تنظیمات'!$B$7))) | L57: =IF(J57=0,0,F57*I57-J57*'تنظیمات'!$B$7*INT(F57*I57/(J57*'تنظیمات'!$B$7))) | M57: =1+COUNTIFS($A$5:$A$265,A57,$L$5:$L$265,">"&L57)+COUNTIFS($A$5:$A$265,A57,$L$5:$L$265,L57,$D$5:$D$265,"<"&D57) | N57: =IF(J57=0,0,F57-SUMIFS($K$5:$K$265,$A$5:$A$265,A57)) | O57: =INT(N57/'تنظیمات'!$B$7) | P57: =N57-O57*'تنظیمات'!$B$7 | Q57: =IF(J57=0,0,K57+IF(M57<=O57,'تنظیمات'!$B$7,0)+IF(M57=1,P57,0)) | R57: ='سطرهای تسهیم'!F10 | S57: ='سطرهای تسهیم'!G10 | T57: =IFERROR(INDEX('دسته‌ها'!$D$5:$D$25,MATCH(S57,'دسته‌ها'!$A$5:$A$25,0)),"خیر")
A58: ='سطرهای تسهیم'!A10 | B58: ='سطرهای تسهیم'!B10 | C58: ='واحدها'!A13 | D58: ='واحدها'!H13 | E58: ='سطرهای تسهیم'!D10 | F58: ='سطرهای تسهیم'!E10 | G58: =IF('واحدها'!F13="بله",'شمول'!J7,0) | H58: =CHOOSE(MATCH(E58,'فهرست‌ها'!$A$4:$A$13,0),1,'واحدها'!E13,'واحدها'!D13*100,'واحدها'!J13,'واحدها'!J13,'وزن‌ها'!J7,'وزن‌ها'!J7,'واحدها'!K13,'واحدها'!L13,0) | I58: =G58*H58 | J58: =SUMIFS($I$5:$I$265,$A$5:$A$265,A58) | K58: =IF(J58=0,0,'تنظیمات'!$B$7*INT(F58*I58/(J58*'تنظیمات'!$B$7))) | L58: =IF(J58=0,0,F58*I58-J58*'تنظیمات'!$B$7*INT(F58*I58/(J58*'تنظیمات'!$B$7))) | M58: =1+COUNTIFS($A$5:$A$265,A58,$L$5:$L$265,">"&L58)+COUNTIFS($A$5:$A$265,A58,$L$5:$L$265,L58,$D$5:$D$265,"<"&D58) | N58: =IF(J58=0,0,F58-SUMIFS($K$5:$K$265,$A$5:$A$265,A58)) | O58: =INT(N58/'تنظیمات'!$B$7) | P58: =N58-O58*'تنظیمات'!$B$7 | Q58: =IF(J58=0,0,K58+IF(M58<=O58,'تنظیمات'!$B$7,0)+IF(M58=1,P58,0)) | R58: ='سطرهای تسهیم'!F10 | S58: ='سطرهای تسهیم'!G10 | T58: =IFERROR(INDEX('دسته‌ها'!$D$5:$D$25,MATCH(S58,'دسته‌ها'!$A$5:$A$25,0)),"خیر")
A59: ='سطرهای تسهیم'!A11 | B59: ='سطرهای تسهیم'!B11 | C59: ='واحدها'!A5 | D59: ='واحدها'!H5 | E59: ='سطرهای تسهیم'!D11 | F59: ='سطرهای تسهیم'!E11 | G59: =IF('واحدها'!F5="بله",'شمول'!B8,0) | H59: =CHOOSE(MATCH(E59,'فهرست‌ها'!$A$4:$A$13,0),1,'واحدها'!E5,'واحدها'!D5*100,'واحدها'!J5,'واحدها'!J5,'وزن‌ها'!B8,'وزن‌ها'!B8,'واحدها'!K5,'واحدها'!L5,0) | I59: =G59*H59 | J59: =SUMIFS($I$5:$I$265,$A$5:$A$265,A59) | K59: =IF(J59=0,0,'تنظیمات'!$B$7*INT(F59*I59/(J59*'تنظیمات'!$B$7))) | L59: =IF(J59=0,0,F59*I59-J59*'تنظیمات'!$B$7*INT(F59*I59/(J59*'تنظیمات'!$B$7))) | M59: =1+COUNTIFS($A$5:$A$265,A59,$L$5:$L$265,">"&L59)+COUNTIFS($A$5:$A$265,A59,$L$5:$L$265,L59,$D$5:$D$265,"<"&D59) | N59: =IF(J59=0,0,F59-SUMIFS($K$5:$K$265,$A$5:$A$265,A59)) | O59: =INT(N59/'تنظیمات'!$B$7) | P59: =N59-O59*'تنظیمات'!$B$7 | Q59: =IF(J59=0,0,K59+IF(M59<=O59,'تنظیمات'!$B$7,0)+IF(M59=1,P59,0)) | R59: ='سطرهای تسهیم'!F11 | S59: ='سطرهای تسهیم'!G11 | T59: =IFERROR(INDEX('دسته‌ها'!$D$5:$D$25,MATCH(S59,'دسته‌ها'!$A$5:$A$25,0)),"خیر")
A60: ='سطرهای تسهیم'!A11 | B60: ='سطرهای تسهیم'!B11 | C60: ='واحدها'!A6 | D60: ='واحدها'!H6 | E60: ='سطرهای تسهیم'!D11 | F60: ='سطرهای تسهیم'!E11 | G60: =IF('واحدها'!F6="بله",'شمول'!C8,0) | H60: =CHOOSE(MATCH(E60,'فهرست‌ها'!$A$4:$A$13,0),1,'واحدها'!E6,'واحدها'!D6*100,'واحدها'!J6,'واحدها'!J6,'وزن‌ها'!C8,'وزن‌ها'!C8,'واحدها'!K6,'واحدها'!L6,0) | I60: =G60*H60 | J60: =SUMIFS($I$5:$I$265,$A$5:$A$265,A60) | K60: =IF(J60=0,0,'تنظیمات'!$B$7*INT(F60*I60/(J60*'تنظیمات'!$B$7))) | L60: =IF(J60=0,0,F60*I60-J60*'تنظیمات'!$B$7*INT(F60*I60/(J60*'تنظیمات'!$B$7))) | M60: =1+COUNTIFS($A$5:$A$265,A60,$L$5:$L$265,">"&L60)+COUNTIFS($A$5:$A$265,A60,$L$5:$L$265,L60,$D$5:$D$265,"<"&D60) | N60: =IF(J60=0,0,F60-SUMIFS($K$5:$K$265,$A$5:$A$265,A60)) | O60: =INT(N60/'تنظیمات'!$B$7) | P60: =N60-O60*'تنظیمات'!$B$7 | Q60: =IF(J60=0,0,K60+IF(M60<=O60,'تنظیمات'!$B$7,0)+IF(M60=1,P60,0)) | R60: ='سطرهای تسهیم'!F11 | S60: ='سطرهای تسهیم'!G11 | T60: =IFERROR(INDEX('دسته‌ها'!$D$5:$D$25,MATCH(S60,'دسته‌ها'!$A$5:$A$25,0)),"خیر")
A61: ='سطرهای تسهیم'!A11 | B61: ='سطرهای تسهیم'!B11 | C61: ='واحدها'!A7 | D61: ='واحدها'!H7 | E61: ='سطرهای تسهیم'!D11 | F61: ='سطرهای تسهیم'!E11 | G61: =IF('واحدها'!F7="بله",'شمول'!D8,0) | H61: =CHOOSE(MATCH(E61,'فهرست‌ها'!$A$4:$A$13,0),1,'واحدها'!E7,'واحدها'!D7*100,'واحدها'!J7,'واحدها'!J7,'وزن‌ها'!D8,'وزن‌ها'!D8,'واحدها'!K7,'واحدها'!L7,0) | I61: =G61*H61 | J61: =SUMIFS($I$5:$I$265,$A$5:$A$265,A61) | K61: =IF(J61=0,0,'تنظیمات'!$B$7*INT(F61*I61/(J61*'تنظیمات'!$B$7))) | L61: =IF(J61=0,0,F61*I61-J61*'تنظیمات'!$B$7*INT(F61*I61/(J61*'تنظیمات'!$B$7))) | M61: =1+COUNTIFS($A$5:$A$265,A61,$L$5:$L$265,">"&L61)+COUNTIFS($A$5:$A$265,A61,$L$5:$L$265,L61,$D$5:$D$265,"<"&D61) | N61: =IF(J61=0,0,F61-SUMIFS($K$5:$K$265,$A$5:$A$265,A61)) | O61: =INT(N61/'تنظیمات'!$B$7) | P61: =N61-O61*'تنظیمات'!$B$7 | Q61: =IF(J61=0,0,K61+IF(M61<=O61,'تنظیمات'!$B$7,0)+IF(M61=1,P61,0)) | R61: ='سطرهای تسهیم'!F11 | S61: ='سطرهای تسهیم'!G11 | T61: =IFERROR(INDEX('دسته‌ها'!$D$5:$D$25,MATCH(S61,'دسته‌ها'!$A$5:$A$25,0)),"خیر")
A62: ='سطرهای تسهیم'!A11 | B62: ='سطرهای تسهیم'!B11 | C62: ='واحدها'!A8 | D62: ='واحدها'!H8 | E62: ='سطرهای تسهیم'!D11 | F62: ='سطرهای تسهیم'!E11 | G62: =IF('واحدها'!F8="بله",'شمول'!E8,0) | H62: =CHOOSE(MATCH(E62,'فهرست‌ها'!$A$4:$A$13,0),1,'واحدها'!E8,'واحدها'!D8*100,'واحدها'!J8,'واحدها'!J8,'وزن‌ها'!E8,'وزن‌ها'!E8,'واحدها'!K8,'واحدها'!L8,0) | I62: =G62*H62 | J62: =SUMIFS($I$5:$I$265,$A$5:$A$265,A62) | K62: =IF(J62=0,0,'تنظیمات'!$B$7*INT(F62*I62/(J62*'تنظیمات'!$B$7))) | L62: =IF(J62=0,0,F62*I62-J62*'تنظیمات'!$B$7*INT(F62*I62/(J62*'تنظیمات'!$B$7))) | M62: =1+COUNTIFS($A$5:$A$265,A62,$L$5:$L$265,">"&L62)+COUNTIFS($A$5:$A$265,A62,$L$5:$L$265,L62,$D$5:$D$265,"<"&D62) | N62: =IF(J62=0,0,F62-SUMIFS($K$5:$K$265,$A$5:$A$265,A62)) | O62: =INT(N62/'تنظیمات'!$B$7) | P62: =N62-O62*'تنظیمات'!$B$7 | Q62: =IF(J62=0,0,K62+IF(M62<=O62,'تنظیمات'!$B$7,0)+IF(M62=1,P62,0)) | R62: ='سطرهای تسهیم'!F11 | S62: ='سطرهای تسهیم'!G11 | T62: =IFERROR(INDEX('دسته‌ها'!$D$5:$D$25,MATCH(S62,'دسته‌ها'!$A$5:$A$25,0)),"خیر")
A63: ='سطرهای تسهیم'!A11 | B63: ='سطرهای تسهیم'!B11 | C63: ='واحدها'!A9 | D63: ='واحدها'!H9 | E63: ='سطرهای تسهیم'!D11 | F63: ='سطرهای تسهیم'!E11 | G63: =IF('واحدها'!F9="بله",'شمول'!F8,0) | H63: =CHOOSE(MATCH(E63,'فهرست‌ها'!$A$4:$A$13,0),1,'واحدها'!E9,'واحدها'!D9*100,'واحدها'!J9,'واحدها'!J9,'وزن‌ها'!F8,'وزن‌ها'!F8,'واحدها'!K9,'واحدها'!L9,0) | I63: =G63*H63 | J63: =SUMIFS($I$5:$I$265,$A$5:$A$265,A63) | K63: =IF(J63=0,0,'تنظیمات'!$B$7*INT(F63*I63/(J63*'تنظیمات'!$B$7))) | L63: =IF(J63=0,0,F63*I63-J63*'تنظیمات'!$B$7*INT(F63*I63/(J63*'تنظیمات'!$B$7))) | M63: =1+COUNTIFS($A$5:$A$265,A63,$L$5:$L$265,">"&L63)+COUNTIFS($A$5:$A$265,A63,$L$5:$L$265,L63,$D$5:$D$265,"<"&D63) | N63: =IF(J63=0,0,F63-SUMIFS($K$5:$K$265,$A$5:$A$265,A63)) | O63: =INT(N63/'تنظیمات'!$B$7) | P63: =N63-O63*'تنظیمات'!$B$7 | Q63: =IF(J63=0,0,K63+IF(M63<=O63,'تنظیمات'!$B$7,0)+IF(M63=1,P63,0)) | R63: ='سطرهای تسهیم'!F11 | S63: ='سطرهای تسهیم'!G11 | T63: =IFERROR(INDEX('دسته‌ها'!$D$5:$D$25,MATCH(S63,'دسته‌ها'!$A$5:$A$25,0)),"خیر")
A64: ='سطرهای تسهیم'!A11 | B64: ='سطرهای تسهیم'!B11 | C64: ='واحدها'!A10 | D64: ='واحدها'!H10 | E64: ='سطرهای تسهیم'!D11 | F64: ='سطرهای تسهیم'!E11 | G64: =IF('واحدها'!F10="بله",'شمول'!G8,0) | H64: =CHOOSE(MATCH(E64,'فهرست‌ها'!$A$4:$A$13,0),1,'واحدها'!E10,'واحدها'!D10*100,'واحدها'!J10,'واحدها'!J10,'وزن‌ها'!G8,'وزن‌ها'!G8,'واحدها'!K10,'واحدها'!L10,0) | I64: =G64*H64 | J64: =SUMIFS($I$5:$I$265,$A$5:$A$265,A64) | K64: =IF(J64=0,0,'تنظیمات'!$B$7*INT(F64*I64/(J64*'تنظیمات'!$B$7))) | L64: =IF(J64=0,0,F64*I64-J64*'تنظیمات'!$B$7*INT(F64*I64/(J64*'تنظیمات'!$B$7))) | M64: =1+COUNTIFS($A$5:$A$265,A64,$L$5:$L$265,">"&L64)+COUNTIFS($A$5:$A$265,A64,$L$5:$L$265,L64,$D$5:$D$265,"<"&D64) | N64: =IF(J64=0,0,F64-SUMIFS($K$5:$K$265,$A$5:$A$265,A64)) | O64: =INT(N64/'تنظیمات'!$B$7) | P64: =N64-O64*'تنظیمات'!$B$7 | Q64: =IF(J64=0,0,K64+IF(M64<=O64,'تنظیمات'!$B$7,0)+IF(M64=1,P64,0)) | R64: ='سطرهای تسهیم'!F11 | S64: ='سطرهای تسهیم'!G11 | T64: =IFERROR(INDEX('دسته‌ها'!$D$5:$D$25,MATCH(S64,'دسته‌ها'!$A$5:$A$25,0)),"خیر")
A65: ='سطرهای تسهیم'!A11 | B65: ='سطرهای تسهیم'!B11 | C65: ='واحدها'!A11 | D65: ='واحدها'!H11 | E65: ='سطرهای تسهیم'!D11 | F65: ='سطرهای تسهیم'!E11 | G65: =IF('واحدها'!F11="بله",'شمول'!H8,0) | H65: =CHOOSE(MATCH(E65,'فهرست‌ها'!$A$4:$A$13,0),1,'واحدها'!E11,'واحدها'!D11*100,'واحدها'!J11,'واحدها'!J11,'وزن‌ها'!H8,'وزن‌ها'!H8,'واحدها'!K11,'واحدها'!L11,0) | I65: =G65*H65 | J65: =SUMIFS($I$5:$I$265,$A$5:$A$265,A65) | K65: =IF(J65=0,0,'تنظیمات'!$B$7*INT(F65*I65/(J65*'تنظیمات'!$B$7))) | L65: =IF(J65=0,0,F65*I65-J65*'تنظیمات'!$B$7*INT(F65*I65/(J65*'تنظیمات'!$B$7))) | M65: =1+COUNTIFS($A$5:$A$265,A65,$L$5:$L$265,">"&L65)+COUNTIFS($A$5:$A$265,A65,$L$5:$L$265,L65,$D$5:$D$265,"<"&D65) | N65: =IF(J65=0,0,F65-SUMIFS($K$5:$K$265,$A$5:$A$265,A65)) | O65: =INT(N65/'تنظیمات'!$B$7) | P65: =N65-O65*'تنظیمات'!$B$7 | Q65: =IF(J65=0,0,K65+IF(M65<=O65,'تنظیمات'!$B$7,0)+IF(M65=1,P65,0)) | R65: ='سطرهای تسهیم'!F11 | S65: ='سطرهای تسهیم'!G11 | T65: =IFERROR(INDEX('دسته‌ها'!$D$5:$D$25,MATCH(S65,'دسته‌ها'!$A$5:$A$25,0)),"خیر")
A66: ='سطرهای تسهیم'!A11 | B66: ='سطرهای تسهیم'!B11 | C66: ='واحدها'!A12 | D66: ='واحدها'!H12 | E66: ='سطرهای تسهیم'!D11 | F66: ='سطرهای تسهیم'!E11 | G66: =IF('واحدها'!F12="بله",'شمول'!I8,0) | H66: =CHOOSE(MATCH(E66,'فهرست‌ها'!$A$4:$A$13,0),1,'واحدها'!E12,'واحدها'!D12*100,'واحدها'!J12,'واحدها'!J12,'وزن‌ها'!I8,'وزن‌ها'!I8,'واحدها'!K12,'واحدها'!L12,0) | I66: =G66*H66 | J66: =SUMIFS($I$5:$I$265,$A$5:$A$265,A66) | K66: =IF(J66=0,0,'تنظیمات'!$B$7*INT(F66*I66/(J66*'تنظیمات'!$B$7))) | L66: =IF(J66=0,0,F66*I66-J66*'تنظیمات'!$B$7*INT(F66*I66/(J66*'تنظیمات'!$B$7))) | M66: =1+COUNTIFS($A$5:$A$265,A66,$L$5:$L$265,">"&L66)+COUNTIFS($A$5:$A$265,A66,$L$5:$L$265,L66,$D$5:$D$265,"<"&D66) | N66: =IF(J66=0,0,F66-SUMIFS($K$5:$K$265,$A$5:$A$265,A66)) | O66: =INT(N66/'تنظیمات'!$B$7) | P66: =N66-O66*'تنظیمات'!$B$7 | Q66: =IF(J66=0,0,K66+IF(M66<=O66,'تنظیمات'!$B$7,0)+IF(M66=1,P66,0)) | R66: ='سطرهای تسهیم'!F11 | S66: ='سطرهای تسهیم'!G11 | T66: =IFERROR(INDEX('دسته‌ها'!$D$5:$D$25,MATCH(S66,'دسته‌ها'!$A$5:$A$25,0)),"خیر")
A67: ='سطرهای تسهیم'!A11 | B67: ='سطرهای تسهیم'!B11 | C67: ='واحدها'!A13 | D67: ='واحدها'!H13 | E67: ='سطرهای تسهیم'!D11 | F67: ='سطرهای تسهیم'!E11 | G67: =IF('واحدها'!F13="بله",'شمول'!J8,0) | H67: =CHOOSE(MATCH(E67,'فهرست‌ها'!$A$4:$A$13,0),1,'واحدها'!E13,'واحدها'!D13*100,'واحدها'!J13,'واحدها'!J13,'وزن‌ها'!J8,'وزن‌ها'!J8,'واحدها'!K13,'واحدها'!L13,0) | I67: =G67*H67 | J67: =SUMIFS($I$5:$I$265,$A$5:$A$265,A67) | K67: =IF(J67=0,0,'تنظیمات'!$B$7*INT(F67*I67/(J67*'تنظیمات'!$B$7))) | L67: =IF(J67=0,0,F67*I67-J67*'تنظیمات'!$B$7*INT(F67*I67/(J67*'تنظیمات'!$B$7))) | M67: =1+COUNTIFS($A$5:$A$265,A67,$L$5:$L$265,">"&L67)+COUNTIFS($A$5:$A$265,A67,$L$5:$L$265,L67,$D$5:$D$265,"<"&D67) | N67: =IF(J67=0,0,F67-SUMIFS($K$5:$K$265,$A$5:$A$265,A67)) | O67: =INT(N67/'تنظیمات'!$B$7) | P67: =N67-O67*'تنظیمات'!$B$7 | Q67: =IF(J67=0,0,K67+IF(M67<=O67,'تنظیمات'!$B$7,0)+IF(M67=1,P67,0)) | R67: ='سطرهای تسهیم'!F11 | S67: ='سطرهای تسهیم'!G11 | T67: =IFERROR(INDEX('دسته‌ها'!$D$5:$D$25,MATCH(S67,'دسته‌ها'!$A$5:$A$25,0)),"خیر")
A68: ='سطرهای تسهیم'!A12 | B68: ='سطرهای تسهیم'!B12 | C68: ='واحدها'!A5 | D68: ='واحدها'!H5 | E68: ='سطرهای تسهیم'!D12 | F68: ='سطرهای تسهیم'!E12 | G68: =IF('واحدها'!F5="بله",'شمول'!B8,0) | H68: =CHOOSE(MATCH(E68,'فهرست‌ها'!$A$4:$A$13,0),1,'واحدها'!E5,'واحدها'!D5*100,'واحدها'!J5,'واحدها'!J5,'وزن‌ها'!B8,'وزن‌ها'!B8,'واحدها'!K5,'واحدها'!L5,0) | I68: =G68*H68 | J68: =SUMIFS($I$5:$I$265,$A$5:$A$265,A68) | K68: =IF(J68=0,0,'تنظیمات'!$B$7*INT(F68*I68/(J68*'تنظیمات'!$B$7))) | L68: =IF(J68=0,0,F68*I68-J68*'تنظیمات'!$B$7*INT(F68*I68/(J68*'تنظیمات'!$B$7))) | M68: =1+COUNTIFS($A$5:$A$265,A68,$L$5:$L$265,">"&L68)+COUNTIFS($A$5:$A$265,A68,$L$5:$L$265,L68,$D$5:$D$265,"<"&D68) | N68: =IF(J68=0,0,F68-SUMIFS($K$5:$K$265,$A$5:$A$265,A68)) | O68: =INT(N68/'تنظیمات'!$B$7) | P68: =N68-O68*'تنظیمات'!$B$7 | Q68: =IF(J68=0,0,K68+IF(M68<=O68,'تنظیمات'!$B$7,0)+IF(M68=1,P68,0)) | R68: ='سطرهای تسهیم'!F12 | S68: ='سطرهای تسهیم'!G12 | T68: =IFERROR(INDEX('دسته‌ها'!$D$5:$D$25,MATCH(S68,'دسته‌ها'!$A$5:$A$25,0)),"خیر")
A69: ='سطرهای تسهیم'!A12 | B69: ='سطرهای تسهیم'!B12 | C69: ='واحدها'!A6 | D69: ='واحدها'!H6 | E69: ='سطرهای تسهیم'!D12 | F69: ='سطرهای تسهیم'!E12 | G69: =IF('واحدها'!F6="بله",'شمول'!C8,0) | H69: =CHOOSE(MATCH(E69,'فهرست‌ها'!$A$4:$A$13,0),1,'واحدها'!E6,'واحدها'!D6*100,'واحدها'!J6,'واحدها'!J6,'وزن‌ها'!C8,'وزن‌ها'!C8,'واحدها'!K6,'واحدها'!L6,0) | I69: =G69*H69 | J69: =SUMIFS($I$5:$I$265,$A$5:$A$265,A69) | K69: =IF(J69=0,0,'تنظیمات'!$B$7*INT(F69*I69/(J69*'تنظیمات'!$B$7))) | L69: =IF(J69=0,0,F69*I69-J69*'تنظیمات'!$B$7*INT(F69*I69/(J69*'تنظیمات'!$B$7))) | M69: =1+COUNTIFS($A$5:$A$265,A69,$L$5:$L$265,">"&L69)+COUNTIFS($A$5:$A$265,A69,$L$5:$L$265,L69,$D$5:$D$265,"<"&D69) | N69: =IF(J69=0,0,F69-SUMIFS($K$5:$K$265,$A$5:$A$265,A69)) | O69: =INT(N69/'تنظیمات'!$B$7) | P69: =N69-O69*'تنظیمات'!$B$7 | Q69: =IF(J69=0,0,K69+IF(M69<=O69,'تنظیمات'!$B$7,0)+IF(M69=1,P69,0)) | R69: ='سطرهای تسهیم'!F12 | S69: ='سطرهای تسهیم'!G12 | T69: =IFERROR(INDEX('دسته‌ها'!$D$5:$D$25,MATCH(S69,'دسته‌ها'!$A$5:$A$25,0)),"خیر")
A70: ='سطرهای تسهیم'!A12 | B70: ='سطرهای تسهیم'!B12 | C70: ='واحدها'!A7 | D70: ='واحدها'!H7 | E70: ='سطرهای تسهیم'!D12 | F70: ='سطرهای تسهیم'!E12 | G70: =IF('واحدها'!F7="بله",'شمول'!D8,0) | H70: =CHOOSE(MATCH(E70,'فهرست‌ها'!$A$4:$A$13,0),1,'واحدها'!E7,'واحدها'!D7*100,'واحدها'!J7,'واحدها'!J7,'وزن‌ها'!D8,'وزن‌ها'!D8,'واحدها'!K7,'واحدها'!L7,0) | I70: =G70*H70 | J70: =SUMIFS($I$5:$I$265,$A$5:$A$265,A70) | K70: =IF(J70=0,0,'تنظیمات'!$B$7*INT(F70*I70/(J70*'تنظیمات'!$B$7))) | L70: =IF(J70=0,0,F70*I70-J70*'تنظیمات'!$B$7*INT(F70*I70/(J70*'تنظیمات'!$B$7))) | M70: =1+COUNTIFS($A$5:$A$265,A70,$L$5:$L$265,">"&L70)+COUNTIFS($A$5:$A$265,A70,$L$5:$L$265,L70,$D$5:$D$265,"<"&D70) | N70: =IF(J70=0,0,F70-SUMIFS($K$5:$K$265,$A$5:$A$265,A70)) | O70: =INT(N70/'تنظیمات'!$B$7) | P70: =N70-O70*'تنظیمات'!$B$7 | Q70: =IF(J70=0,0,K70+IF(M70<=O70,'تنظیمات'!$B$7,0)+IF(M70=1,P70,0)) | R70: ='سطرهای تسهیم'!F12 | S70: ='سطرهای تسهیم'!G12 | T70: =IFERROR(INDEX('دسته‌ها'!$D$5:$D$25,MATCH(S70,'دسته‌ها'!$A$5:$A$25,0)),"خیر")
A71: ='سطرهای تسهیم'!A12 | B71: ='سطرهای تسهیم'!B12 | C71: ='واحدها'!A8 | D71: ='واحدها'!H8 | E71: ='سطرهای تسهیم'!D12 | F71: ='سطرهای تسهیم'!E12 | G71: =IF('واحدها'!F8="بله",'شمول'!E8,0) | H71: =CHOOSE(MATCH(E71,'فهرست‌ها'!$A$4:$A$13,0),1,'واحدها'!E8,'واحدها'!D8*100,'واحدها'!J8,'واحدها'!J8,'وزن‌ها'!E8,'وزن‌ها'!E8,'واحدها'!K8,'واحدها'!L8,0) | I71: =G71*H71 | J71: =SUMIFS($I$5:$I$265,$A$5:$A$265,A71) | K71: =IF(J71=0,0,'تنظیمات'!$B$7*INT(F71*I71/(J71*'تنظیمات'!$B$7))) | L71: =IF(J71=0,0,F71*I71-J71*'تنظیمات'!$B$7*INT(F71*I71/(J71*'تنظیمات'!$B$7))) | M71: =1+COUNTIFS($A$5:$A$265,A71,$L$5:$L$265,">"&L71)+COUNTIFS($A$5:$A$265,A71,$L$5:$L$265,L71,$D$5:$D$265,"<"&D71) | N71: =IF(J71=0,0,F71-SUMIFS($K$5:$K$265,$A$5:$A$265,A71)) | O71: =INT(N71/'تنظیمات'!$B$7) | P71: =N71-O71*'تنظیمات'!$B$7 | Q71: =IF(J71=0,0,K71+IF(M71<=O71,'تنظیمات'!$B$7,0)+IF(M71=1,P71,0)) | R71: ='سطرهای تسهیم'!F12 | S71: ='سطرهای تسهیم'!G12 | T71: =IFERROR(INDEX('دسته‌ها'!$D$5:$D$25,MATCH(S71,'دسته‌ها'!$A$5:$A$25,0)),"خیر")
A72: ='سطرهای تسهیم'!A12 | B72: ='سطرهای تسهیم'!B12 | C72: ='واحدها'!A9 | D72: ='واحدها'!H9 | E72: ='سطرهای تسهیم'!D12 | F72: ='سطرهای تسهیم'!E12 | G72: =IF('واحدها'!F9="بله",'شمول'!F8,0) | H72: =CHOOSE(MATCH(E72,'فهرست‌ها'!$A$4:$A$13,0),1,'واحدها'!E9,'واحدها'!D9*100,'واحدها'!J9,'واحدها'!J9,'وزن‌ها'!F8,'وزن‌ها'!F8,'واحدها'!K9,'واحدها'!L9,0) | I72: =G72*H72 | J72: =SUMIFS($I$5:$I$265,$A$5:$A$265,A72) | K72: =IF(J72=0,0,'تنظیمات'!$B$7*INT(F72*I72/(J72*'تنظیمات'!$B$7))) | L72: =IF(J72=0,0,F72*I72-J72*'تنظیمات'!$B$7*INT(F72*I72/(J72*'تنظیمات'!$B$7))) | M72: =1+COUNTIFS($A$5:$A$265,A72,$L$5:$L$265,">"&L72)+COUNTIFS($A$5:$A$265,A72,$L$5:$L$265,L72,$D$5:$D$265,"<"&D72) | N72: =IF(J72=0,0,F72-SUMIFS($K$5:$K$265,$A$5:$A$265,A72)) | O72: =INT(N72/'تنظیمات'!$B$7) | P72: =N72-O72*'تنظیمات'!$B$7 | Q72: =IF(J72=0,0,K72+IF(M72<=O72,'تنظیمات'!$B$7,0)+IF(M72=1,P72,0)) | R72: ='سطرهای تسهیم'!F12 | S72: ='سطرهای تسهیم'!G12 | T72: =IFERROR(INDEX('دسته‌ها'!$D$5:$D$25,MATCH(S72,'دسته‌ها'!$A$5:$A$25,0)),"خیر")
A73: ='سطرهای تسهیم'!A12 | B73: ='سطرهای تسهیم'!B12 | C73: ='واحدها'!A10 | D73: ='واحدها'!H10 | E73: ='سطرهای تسهیم'!D12 | F73: ='سطرهای تسهیم'!E12 | G73: =IF('واحدها'!F10="بله",'شمول'!G8,0) | H73: =CHOOSE(MATCH(E73,'فهرست‌ها'!$A$4:$A$13,0),1,'واحدها'!E10,'واحدها'!D10*100,'واحدها'!J10,'واحدها'!J10,'وزن‌ها'!G8,'وزن‌ها'!G8,'واحدها'!K10,'واحدها'!L10,0) | I73: =G73*H73 | J73: =SUMIFS($I$5:$I$265,$A$5:$A$265,A73) | K73: =IF(J73=0,0,'تنظیمات'!$B$7*INT(F73*I73/(J73*'تنظیمات'!$B$7))) | L73: =IF(J73=0,0,F73*I73-J73*'تنظیمات'!$B$7*INT(F73*I73/(J73*'تنظیمات'!$B$7))) | M73: =1+COUNTIFS($A$5:$A$265,A73,$L$5:$L$265,">"&L73)+COUNTIFS($A$5:$A$265,A73,$L$5:$L$265,L73,$D$5:$D$265,"<"&D73) | N73: =IF(J73=0,0,F73-SUMIFS($K$5:$K$265,$A$5:$A$265,A73)) | O73: =INT(N73/'تنظیمات'!$B$7) | P73: =N73-O73*'تنظیمات'!$B$7 | Q73: =IF(J73=0,0,K73+IF(M73<=O73,'تنظیمات'!$B$7,0)+IF(M73=1,P73,0)) | R73: ='سطرهای تسهیم'!F12 | S73: ='سطرهای تسهیم'!G12 | T73: =IFERROR(INDEX('دسته‌ها'!$D$5:$D$25,MATCH(S73,'دسته‌ها'!$A$5:$A$25,0)),"خیر")
A74: ='سطرهای تسهیم'!A12 | B74: ='سطرهای تسهیم'!B12 | C74: ='واحدها'!A11 | D74: ='واحدها'!H11 | E74: ='سطرهای تسهیم'!D12 | F74: ='سطرهای تسهیم'!E12 | G74: =IF('واحدها'!F11="بله",'شمول'!H8,0) | H74: =CHOOSE(MATCH(E74,'فهرست‌ها'!$A$4:$A$13,0),1,'واحدها'!E11,'واحدها'!D11*100,'واحدها'!J11,'واحدها'!J11,'وزن‌ها'!H8,'وزن‌ها'!H8,'واحدها'!K11,'واحدها'!L11,0) | I74: =G74*H74 | J74: =SUMIFS($I$5:$I$265,$A$5:$A$265,A74) | K74: =IF(J74=0,0,'تنظیمات'!$B$7*INT(F74*I74/(J74*'تنظیمات'!$B$7))) | L74: =IF(J74=0,0,F74*I74-J74*'تنظیمات'!$B$7*INT(F74*I74/(J74*'تنظیمات'!$B$7))) | M74: =1+COUNTIFS($A$5:$A$265,A74,$L$5:$L$265,">"&L74)+COUNTIFS($A$5:$A$265,A74,$L$5:$L$265,L74,$D$5:$D$265,"<"&D74) | N74: =IF(J74=0,0,F74-SUMIFS($K$5:$K$265,$A$5:$A$265,A74)) | O74: =INT(N74/'تنظیمات'!$B$7) | P74: =N74-O74*'تنظیمات'!$B$7 | Q74: =IF(J74=0,0,K74+IF(M74<=O74,'تنظیمات'!$B$7,0)+IF(M74=1,P74,0)) | R74: ='سطرهای تسهیم'!F12 | S74: ='سطرهای تسهیم'!G12 | T74: =IFERROR(INDEX('دسته‌ها'!$D$5:$D$25,MATCH(S74,'دسته‌ها'!$A$5:$A$25,0)),"خیر")
A75: ='سطرهای تسهیم'!A12 | B75: ='سطرهای تسهیم'!B12 | C75: ='واحدها'!A12 | D75: ='واحدها'!H12 | E75: ='سطرهای تسهیم'!D12 | F75: ='سطرهای تسهیم'!E12 | G75: =IF('واحدها'!F12="بله",'شمول'!I8,0) | H75: =CHOOSE(MATCH(E75,'فهرست‌ها'!$A$4:$A$13,0),1,'واحدها'!E12,'واحدها'!D12*100,'واحدها'!J12,'واحدها'!J12,'وزن‌ها'!I8,'وزن‌ها'!I8,'واحدها'!K12,'واحدها'!L12,0) | I75: =G75*H75 | J75: =SUMIFS($I$5:$I$265,$A$5:$A$265,A75) | K75: =IF(J75=0,0,'تنظیمات'!$B$7*INT(F75*I75/(J75*'تنظیمات'!$B$7))) | L75: =IF(J75=0,0,F75*I75-J75*'تنظیمات'!$B$7*INT(F75*I75/(J75*'تنظیمات'!$B$7))) | M75: =1+COUNTIFS($A$5:$A$265,A75,$L$5:$L$265,">"&L75)+COUNTIFS($A$5:$A$265,A75,$L$5:$L$265,L75,$D$5:$D$265,"<"&D75) | N75: =IF(J75=0,0,F75-SUMIFS($K$5:$K$265,$A$5:$A$265,A75)) | O75: =INT(N75/'تنظیمات'!$B$7) | P75: =N75-O75*'تنظیمات'!$B$7 | Q75: =IF(J75=0,0,K75+IF(M75<=O75,'تنظیمات'!$B$7,0)+IF(M75=1,P75,0)) | R75: ='سطرهای تسهیم'!F12 | S75: ='سطرهای تسهیم'!G12 | T75: =IFERROR(INDEX('دسته‌ها'!$D$5:$D$25,MATCH(S75,'دسته‌ها'!$A$5:$A$25,0)),"خیر")
A76: ='سطرهای تسهیم'!A12 | B76: ='سطرهای تسهیم'!B12 | C76: ='واحدها'!A13 | D76: ='واحدها'!H13 | E76: ='سطرهای تسهیم'!D12 | F76: ='سطرهای تسهیم'!E12 | G76: =IF('واحدها'!F13="بله",'شمول'!J8,0) | H76: =CHOOSE(MATCH(E76,'فهرست‌ها'!$A$4:$A$13,0),1,'واحدها'!E13,'واحدها'!D13*100,'واحدها'!J13,'واحدها'!J13,'وزن‌ها'!J8,'وزن‌ها'!J8,'واحدها'!K13,'واحدها'!L13,0) | I76: =G76*H76 | J76: =SUMIFS($I$5:$I$265,$A$5:$A$265,A76) | K76: =IF(J76=0,0,'تنظیمات'!$B$7*INT(F76*I76/(J76*'تنظیمات'!$B$7))) | L76: =IF(J76=0,0,F76*I76-J76*'تنظیمات'!$B$7*INT(F76*I76/(J76*'تنظیمات'!$B$7))) | M76: =1+COUNTIFS($A$5:$A$265,A76,$L$5:$L$265,">"&L76)+COUNTIFS($A$5:$A$265,A76,$L$5:$L$265,L76,$D$5:$D$265,"<"&D76) | N76: =IF(J76=0,0,F76-SUMIFS($K$5:$K$265,$A$5:$A$265,A76)) | O76: =INT(N76/'تنظیمات'!$B$7) | P76: =N76-O76*'تنظیمات'!$B$7 | Q76: =IF(J76=0,0,K76+IF(M76<=O76,'تنظیمات'!$B$7,0)+IF(M76=1,P76,0)) | R76: ='سطرهای تسهیم'!F12 | S76: ='سطرهای تسهیم'!G12 | T76: =IFERROR(INDEX('دسته‌ها'!$D$5:$D$25,MATCH(S76,'دسته‌ها'!$A$5:$A$25,0)),"خیر")
A77: ='سطرهای تسهیم'!A13 | B77: ='سطرهای تسهیم'!B13 | C77: ='واحدها'!A5 | D77: ='واحدها'!H5 | E77: ='سطرهای تسهیم'!D13 | F77: ='سطرهای تسهیم'!E13 | G77: =IF('واحدها'!F5="بله",'شمول'!B9,0) | H77: =CHOOSE(MATCH(E77,'فهرست‌ها'!$A$4:$A$13,0),1,'واحدها'!E5,'واحدها'!D5*100,'واحدها'!J5,'واحدها'!J5,'وزن‌ها'!B9,'وزن‌ها'!B9,'واحدها'!K5,'واحدها'!L5,0) | I77: =G77*H77 | J77: =SUMIFS($I$5:$I$265,$A$5:$A$265,A77) | K77: =IF(J77=0,0,'تنظیمات'!$B$7*INT(F77*I77/(J77*'تنظیمات'!$B$7))) | L77: =IF(J77=0,0,F77*I77-J77*'تنظیمات'!$B$7*INT(F77*I77/(J77*'تنظیمات'!$B$7))) | M77: =1+COUNTIFS($A$5:$A$265,A77,$L$5:$L$265,">"&L77)+COUNTIFS($A$5:$A$265,A77,$L$5:$L$265,L77,$D$5:$D$265,"<"&D77) | N77: =IF(J77=0,0,F77-SUMIFS($K$5:$K$265,$A$5:$A$265,A77)) | O77: =INT(N77/'تنظیمات'!$B$7) | P77: =N77-O77*'تنظیمات'!$B$7 | Q77: =IF(J77=0,0,K77+IF(M77<=O77,'تنظیمات'!$B$7,0)+IF(M77=1,P77,0)) | R77: ='سطرهای تسهیم'!F13 | S77: ='سطرهای تسهیم'!G13 | T77: =IFERROR(INDEX('دسته‌ها'!$D$5:$D$25,MATCH(S77,'دسته‌ها'!$A$5:$A$25,0)),"خیر")
A78: ='سطرهای تسهیم'!A13 | B78: ='سطرهای تسهیم'!B13 | C78: ='واحدها'!A6 | D78: ='واحدها'!H6 | E78: ='سطرهای تسهیم'!D13 | F78: ='سطرهای تسهیم'!E13 | G78: =IF('واحدها'!F6="بله",'شمول'!C9,0) | H78: =CHOOSE(MATCH(E78,'فهرست‌ها'!$A$4:$A$13,0),1,'واحدها'!E6,'واحدها'!D6*100,'واحدها'!J6,'واحدها'!J6,'وزن‌ها'!C9,'وزن‌ها'!C9,'واحدها'!K6,'واحدها'!L6,0) | I78: =G78*H78 | J78: =SUMIFS($I$5:$I$265,$A$5:$A$265,A78) | K78: =IF(J78=0,0,'تنظیمات'!$B$7*INT(F78*I78/(J78*'تنظیمات'!$B$7))) | L78: =IF(J78=0,0,F78*I78-J78*'تنظیمات'!$B$7*INT(F78*I78/(J78*'تنظیمات'!$B$7))) | M78: =1+COUNTIFS($A$5:$A$265,A78,$L$5:$L$265,">"&L78)+COUNTIFS($A$5:$A$265,A78,$L$5:$L$265,L78,$D$5:$D$265,"<"&D78) | N78: =IF(J78=0,0,F78-SUMIFS($K$5:$K$265,$A$5:$A$265,A78)) | O78: =INT(N78/'تنظیمات'!$B$7) | P78: =N78-O78*'تنظیمات'!$B$7 | Q78: =IF(J78=0,0,K78+IF(M78<=O78,'تنظیمات'!$B$7,0)+IF(M78=1,P78,0)) | R78: ='سطرهای تسهیم'!F13 | S78: ='سطرهای تسهیم'!G13 | T78: =IFERROR(INDEX('دسته‌ها'!$D$5:$D$25,MATCH(S78,'دسته‌ها'!$A$5:$A$25,0)),"خیر")
A79: ='سطرهای تسهیم'!A13 | B79: ='سطرهای تسهیم'!B13 | C79: ='واحدها'!A7 | D79: ='واحدها'!H7 | E79: ='سطرهای تسهیم'!D13 | F79: ='سطرهای تسهیم'!E13 | G79: =IF('واحدها'!F7="بله",'شمول'!D9,0) | H79: =CHOOSE(MATCH(E79,'فهرست‌ها'!$A$4:$A$13,0),1,'واحدها'!E7,'واحدها'!D7*100,'واحدها'!J7,'واحدها'!J7,'وزن‌ها'!D9,'وزن‌ها'!D9,'واحدها'!K7,'واحدها'!L7,0) | I79: =G79*H79 | J79: =SUMIFS($I$5:$I$265,$A$5:$A$265,A79) | K79: =IF(J79=0,0,'تنظیمات'!$B$7*INT(F79*I79/(J79*'تنظیمات'!$B$7))) | L79: =IF(J79=0,0,F79*I79-J79*'تنظیمات'!$B$7*INT(F79*I79/(J79*'تنظیمات'!$B$7))) | M79: =1+COUNTIFS($A$5:$A$265,A79,$L$5:$L$265,">"&L79)+COUNTIFS($A$5:$A$265,A79,$L$5:$L$265,L79,$D$5:$D$265,"<"&D79) | N79: =IF(J79=0,0,F79-SUMIFS($K$5:$K$265,$A$5:$A$265,A79)) | O79: =INT(N79/'تنظیمات'!$B$7) | P79: =N79-O79*'تنظیمات'!$B$7 | Q79: =IF(J79=0,0,K79+IF(M79<=O79,'تنظیمات'!$B$7,0)+IF(M79=1,P79,0)) | R79: ='سطرهای تسهیم'!F13 | S79: ='سطرهای تسهیم'!G13 | T79: =IFERROR(INDEX('دسته‌ها'!$D$5:$D$25,MATCH(S79,'دسته‌ها'!$A$5:$A$25,0)),"خیر")
A80: ='سطرهای تسهیم'!A13 | B80: ='سطرهای تسهیم'!B13 | C80: ='واحدها'!A8 | D80: ='واحدها'!H8 | E80: ='سطرهای تسهیم'!D13 | F80: ='سطرهای تسهیم'!E13 | G80: =IF('واحدها'!F8="بله",'شمول'!E9,0) | H80: =CHOOSE(MATCH(E80,'فهرست‌ها'!$A$4:$A$13,0),1,'واحدها'!E8,'واحدها'!D8*100,'واحدها'!J8,'واحدها'!J8,'وزن‌ها'!E9,'وزن‌ها'!E9,'واحدها'!K8,'واحدها'!L8,0) | I80: =G80*H80 | J80: =SUMIFS($I$5:$I$265,$A$5:$A$265,A80) | K80: =IF(J80=0,0,'تنظیمات'!$B$7*INT(F80*I80/(J80*'تنظیمات'!$B$7))) | L80: =IF(J80=0,0,F80*I80-J80*'تنظیمات'!$B$7*INT(F80*I80/(J80*'تنظیمات'!$B$7))) | M80: =1+COUNTIFS($A$5:$A$265,A80,$L$5:$L$265,">"&L80)+COUNTIFS($A$5:$A$265,A80,$L$5:$L$265,L80,$D$5:$D$265,"<"&D80) | N80: =IF(J80=0,0,F80-SUMIFS($K$5:$K$265,$A$5:$A$265,A80)) | O80: =INT(N80/'تنظیمات'!$B$7) | P80: =N80-O80*'تنظیمات'!$B$7 | Q80: =IF(J80=0,0,K80+IF(M80<=O80,'تنظیمات'!$B$7,0)+IF(M80=1,P80,0)) | R80: ='سطرهای تسهیم'!F13 | S80: ='سطرهای تسهیم'!G13 | T80: =IFERROR(INDEX('دسته‌ها'!$D$5:$D$25,MATCH(S80,'دسته‌ها'!$A$5:$A$25,0)),"خیر")
A81: ='سطرهای تسهیم'!A13 | B81: ='سطرهای تسهیم'!B13 | C81: ='واحدها'!A9 | D81: ='واحدها'!H9 | E81: ='سطرهای تسهیم'!D13 | F81: ='سطرهای تسهیم'!E13 | G81: =IF('واحدها'!F9="بله",'شمول'!F9,0) | H81: =CHOOSE(MATCH(E81,'فهرست‌ها'!$A$4:$A$13,0),1,'واحدها'!E9,'واحدها'!D9*100,'واحدها'!J9,'واحدها'!J9,'وزن‌ها'!F9,'وزن‌ها'!F9,'واحدها'!K9,'واحدها'!L9,0) | I81: =G81*H81 | J81: =SUMIFS($I$5:$I$265,$A$5:$A$265,A81) | K81: =IF(J81=0,0,'تنظیمات'!$B$7*INT(F81*I81/(J81*'تنظیمات'!$B$7))) | L81: =IF(J81=0,0,F81*I81-J81*'تنظیمات'!$B$7*INT(F81*I81/(J81*'تنظیمات'!$B$7))) | M81: =1+COUNTIFS($A$5:$A$265,A81,$L$5:$L$265,">"&L81)+COUNTIFS($A$5:$A$265,A81,$L$5:$L$265,L81,$D$5:$D$265,"<"&D81) | N81: =IF(J81=0,0,F81-SUMIFS($K$5:$K$265,$A$5:$A$265,A81)) | O81: =INT(N81/'تنظیمات'!$B$7) | P81: =N81-O81*'تنظیمات'!$B$7 | Q81: =IF(J81=0,0,K81+IF(M81<=O81,'تنظیمات'!$B$7,0)+IF(M81=1,P81,0)) | R81: ='سطرهای تسهیم'!F13 | S81: ='سطرهای تسهیم'!G13 | T81: =IFERROR(INDEX('دسته‌ها'!$D$5:$D$25,MATCH(S81,'دسته‌ها'!$A$5:$A$25,0)),"خیر")
A82: ='سطرهای تسهیم'!A13 | B82: ='سطرهای تسهیم'!B13 | C82: ='واحدها'!A10 | D82: ='واحدها'!H10 | E82: ='سطرهای تسهیم'!D13 | F82: ='سطرهای تسهیم'!E13 | G82: =IF('واحدها'!F10="بله",'شمول'!G9,0) | H82: =CHOOSE(MATCH(E82,'فهرست‌ها'!$A$4:$A$13,0),1,'واحدها'!E10,'واحدها'!D10*100,'واحدها'!J10,'واحدها'!J10,'وزن‌ها'!G9,'وزن‌ها'!G9,'واحدها'!K10,'واحدها'!L10,0) | I82: =G82*H82 | J82: =SUMIFS($I$5:$I$265,$A$5:$A$265,A82) | K82: =IF(J82=0,0,'تنظیمات'!$B$7*INT(F82*I82/(J82*'تنظیمات'!$B$7))) | L82: =IF(J82=0,0,F82*I82-J82*'تنظیمات'!$B$7*INT(F82*I82/(J82*'تنظیمات'!$B$7))) | M82: =1+COUNTIFS($A$5:$A$265,A82,$L$5:$L$265,">"&L82)+COUNTIFS($A$5:$A$265,A82,$L$5:$L$265,L82,$D$5:$D$265,"<"&D82) | N82: =IF(J82=0,0,F82-SUMIFS($K$5:$K$265,$A$5:$A$265,A82)) | O82: =INT(N82/'تنظیمات'!$B$7) | P82: =N82-O82*'تنظیمات'!$B$7 | Q82: =IF(J82=0,0,K82+IF(M82<=O82,'تنظیمات'!$B$7,0)+IF(M82=1,P82,0)) | R82: ='سطرهای تسهیم'!F13 | S82: ='سطرهای تسهیم'!G13 | T82: =IFERROR(INDEX('دسته‌ها'!$D$5:$D$25,MATCH(S82,'دسته‌ها'!$A$5:$A$25,0)),"خیر")
A83: ='سطرهای تسهیم'!A13 | B83: ='سطرهای تسهیم'!B13 | C83: ='واحدها'!A11 | D83: ='واحدها'!H11 | E83: ='سطرهای تسهیم'!D13 | F83: ='سطرهای تسهیم'!E13 | G83: =IF('واحدها'!F11="بله",'شمول'!H9,0) | H83: =CHOOSE(MATCH(E83,'فهرست‌ها'!$A$4:$A$13,0),1,'واحدها'!E11,'واحدها'!D11*100,'واحدها'!J11,'واحدها'!J11,'وزن‌ها'!H9,'وزن‌ها'!H9,'واحدها'!K11,'واحدها'!L11,0) | I83: =G83*H83 | J83: =SUMIFS($I$5:$I$265,$A$5:$A$265,A83) | K83: =IF(J83=0,0,'تنظیمات'!$B$7*INT(F83*I83/(J83*'تنظیمات'!$B$7))) | L83: =IF(J83=0,0,F83*I83-J83*'تنظیمات'!$B$7*INT(F83*I83/(J83*'تنظیمات'!$B$7))) | M83: =1+COUNTIFS($A$5:$A$265,A83,$L$5:$L$265,">"&L83)+COUNTIFS($A$5:$A$265,A83,$L$5:$L$265,L83,$D$5:$D$265,"<"&D83) | N83: =IF(J83=0,0,F83-SUMIFS($K$5:$K$265,$A$5:$A$265,A83)) | O83: =INT(N83/'تنظیمات'!$B$7) | P83: =N83-O83*'تنظیمات'!$B$7 | Q83: =IF(J83=0,0,K83+IF(M83<=O83,'تنظیمات'!$B$7,0)+IF(M83=1,P83,0)) | R83: ='سطرهای تسهیم'!F13 | S83: ='سطرهای تسهیم'!G13 | T83: =IFERROR(INDEX('دسته‌ها'!$D$5:$D$25,MATCH(S83,'دسته‌ها'!$A$5:$A$25,0)),"خیر")
A84: ='سطرهای تسهیم'!A13 | B84: ='سطرهای تسهیم'!B13 | C84: ='واحدها'!A12 | D84: ='واحدها'!H12 | E84: ='سطرهای تسهیم'!D13 | F84: ='سطرهای تسهیم'!E13 | G84: =IF('واحدها'!F12="بله",'شمول'!I9,0) | H84: =CHOOSE(MATCH(E84,'فهرست‌ها'!$A$4:$A$13,0),1,'واحدها'!E12,'واحدها'!D12*100,'واحدها'!J12,'واحدها'!J12,'وزن‌ها'!I9,'وزن‌ها'!I9,'واحدها'!K12,'واحدها'!L12,0) | I84: =G84*H84 | J84: =SUMIFS($I$5:$I$265,$A$5:$A$265,A84) | K84: =IF(J84=0,0,'تنظیمات'!$B$7*INT(F84*I84/(J84*'تنظیمات'!$B$7))) | L84: =IF(J84=0,0,F84*I84-J84*'تنظیمات'!$B$7*INT(F84*I84/(J84*'تنظیمات'!$B$7))) | M84: =1+COUNTIFS($A$5:$A$265,A84,$L$5:$L$265,">"&L84)+COUNTIFS($A$5:$A$265,A84,$L$5:$L$265,L84,$D$5:$D$265,"<"&D84) | N84: =IF(J84=0,0,F84-SUMIFS($K$5:$K$265,$A$5:$A$265,A84)) | O84: =INT(N84/'تنظیمات'!$B$7) | P84: =N84-O84*'تنظیمات'!$B$7 | Q84: =IF(J84=0,0,K84+IF(M84<=O84,'تنظیمات'!$B$7,0)+IF(M84=1,P84,0)) | R84: ='سطرهای تسهیم'!F13 | S84: ='سطرهای تسهیم'!G13 | T84: =IFERROR(INDEX('دسته‌ها'!$D$5:$D$25,MATCH(S84,'دسته‌ها'!$A$5:$A$25,0)),"خیر")
A85: ='سطرهای تسهیم'!A13 | B85: ='سطرهای تسهیم'!B13 | C85: ='واحدها'!A13 | D85: ='واحدها'!H13 | E85: ='سطرهای تسهیم'!D13 | F85: ='سطرهای تسهیم'!E13 | G85: =IF('واحدها'!F13="بله",'شمول'!J9,0) | H85: =CHOOSE(MATCH(E85,'فهرست‌ها'!$A$4:$A$13,0),1,'واحدها'!E13,'واحدها'!D13*100,'واحدها'!J13,'واحدها'!J13,'وزن‌ها'!J9,'وزن‌ها'!J9,'واحدها'!K13,'واحدها'!L13,0) | I85: =G85*H85 | J85: =SUMIFS($I$5:$I$265,$A$5:$A$265,A85) | K85: =IF(J85=0,0,'تنظیمات'!$B$7*INT(F85*I85/(J85*'تنظیمات'!$B$7))) | L85: =IF(J85=0,0,F85*I85-J85*'تنظیمات'!$B$7*INT(F85*I85/(J85*'تنظیمات'!$B$7))) | M85: =1+COUNTIFS($A$5:$A$265,A85,$L$5:$L$265,">"&L85)+COUNTIFS($A$5:$A$265,A85,$L$5:$L$265,L85,$D$5:$D$265,"<"&D85) | N85: =IF(J85=0,0,F85-SUMIFS($K$5:$K$265,$A$5:$A$265,A85)) | O85: =INT(N85/'تنظیمات'!$B$7) | P85: =N85-O85*'تنظیمات'!$B$7 | Q85: =IF(J85=0,0,K85+IF(M85<=O85,'تنظیمات'!$B$7,0)+IF(M85=1,P85,0)) | R85: ='سطرهای تسهیم'!F13 | S85: ='سطرهای تسهیم'!G13 | T85: =IFERROR(INDEX('دسته‌ها'!$D$5:$D$25,MATCH(S85,'دسته‌ها'!$A$5:$A$25,0)),"خیر")
A86: ='سطرهای تسهیم'!A14 | B86: ='سطرهای تسهیم'!B14 | C86: ='واحدها'!A5 | D86: ='واحدها'!H5 | E86: ='سطرهای تسهیم'!D14 | F86: ='سطرهای تسهیم'!E14 | G86: =IF('واحدها'!F5="بله",'شمول'!B9,0) | H86: =CHOOSE(MATCH(E86,'فهرست‌ها'!$A$4:$A$13,0),1,'واحدها'!E5,'واحدها'!D5*100,'واحدها'!J5,'واحدها'!J5,'وزن‌ها'!B9,'وزن‌ها'!B9,'واحدها'!K5,'واحدها'!L5,0) | I86: =G86*H86 | J86: =SUMIFS($I$5:$I$265,$A$5:$A$265,A86) | K86: =IF(J86=0,0,'تنظیمات'!$B$7*INT(F86*I86/(J86*'تنظیمات'!$B$7))) | L86: =IF(J86=0,0,F86*I86-J86*'تنظیمات'!$B$7*INT(F86*I86/(J86*'تنظیمات'!$B$7))) | M86: =1+COUNTIFS($A$5:$A$265,A86,$L$5:$L$265,">"&L86)+COUNTIFS($A$5:$A$265,A86,$L$5:$L$265,L86,$D$5:$D$265,"<"&D86) | N86: =IF(J86=0,0,F86-SUMIFS($K$5:$K$265,$A$5:$A$265,A86)) | O86: =INT(N86/'تنظیمات'!$B$7) | P86: =N86-O86*'تنظیمات'!$B$7 | Q86: =IF(J86=0,0,K86+IF(M86<=O86,'تنظیمات'!$B$7,0)+IF(M86=1,P86,0)) | R86: ='سطرهای تسهیم'!F14 | S86: ='سطرهای تسهیم'!G14 | T86: =IFERROR(INDEX('دسته‌ها'!$D$5:$D$25,MATCH(S86,'دسته‌ها'!$A$5:$A$25,0)),"خیر")
A87: ='سطرهای تسهیم'!A14 | B87: ='سطرهای تسهیم'!B14 | C87: ='واحدها'!A6 | D87: ='واحدها'!H6 | E87: ='سطرهای تسهیم'!D14 | F87: ='سطرهای تسهیم'!E14 | G87: =IF('واحدها'!F6="بله",'شمول'!C9,0) | H87: =CHOOSE(MATCH(E87,'فهرست‌ها'!$A$4:$A$13,0),1,'واحدها'!E6,'واحدها'!D6*100,'واحدها'!J6,'واحدها'!J6,'وزن‌ها'!C9,'وزن‌ها'!C9,'واحدها'!K6,'واحدها'!L6,0) | I87: =G87*H87 | J87: =SUMIFS($I$5:$I$265,$A$5:$A$265,A87) | K87: =IF(J87=0,0,'تنظیمات'!$B$7*INT(F87*I87/(J87*'تنظیمات'!$B$7))) | L87: =IF(J87=0,0,F87*I87-J87*'تنظیمات'!$B$7*INT(F87*I87/(J87*'تنظیمات'!$B$7))) | M87: =1+COUNTIFS($A$5:$A$265,A87,$L$5:$L$265,">"&L87)+COUNTIFS($A$5:$A$265,A87,$L$5:$L$265,L87,$D$5:$D$265,"<"&D87) | N87: =IF(J87=0,0,F87-SUMIFS($K$5:$K$265,$A$5:$A$265,A87)) | O87: =INT(N87/'تنظیمات'!$B$7) | P87: =N87-O87*'تنظیمات'!$B$7 | Q87: =IF(J87=0,0,K87+IF(M87<=O87,'تنظیمات'!$B$7,0)+IF(M87=1,P87,0)) | R87: ='سطرهای تسهیم'!F14 | S87: ='سطرهای تسهیم'!G14 | T87: =IFERROR(INDEX('دسته‌ها'!$D$5:$D$25,MATCH(S87,'دسته‌ها'!$A$5:$A$25,0)),"خیر")
A88: ='سطرهای تسهیم'!A14 | B88: ='سطرهای تسهیم'!B14 | C88: ='واحدها'!A7 | D88: ='واحدها'!H7 | E88: ='سطرهای تسهیم'!D14 | F88: ='سطرهای تسهیم'!E14 | G88: =IF('واحدها'!F7="بله",'شمول'!D9,0) | H88: =CHOOSE(MATCH(E88,'فهرست‌ها'!$A$4:$A$13,0),1,'واحدها'!E7,'واحدها'!D7*100,'واحدها'!J7,'واحدها'!J7,'وزن‌ها'!D9,'وزن‌ها'!D9,'واحدها'!K7,'واحدها'!L7,0) | I88: =G88*H88 | J88: =SUMIFS($I$5:$I$265,$A$5:$A$265,A88) | K88: =IF(J88=0,0,'تنظیمات'!$B$7*INT(F88*I88/(J88*'تنظیمات'!$B$7))) | L88: =IF(J88=0,0,F88*I88-J88*'تنظیمات'!$B$7*INT(F88*I88/(J88*'تنظیمات'!$B$7))) | M88: =1+COUNTIFS($A$5:$A$265,A88,$L$5:$L$265,">"&L88)+COUNTIFS($A$5:$A$265,A88,$L$5:$L$265,L88,$D$5:$D$265,"<"&D88) | N88: =IF(J88=0,0,F88-SUMIFS($K$5:$K$265,$A$5:$A$265,A88)) | O88: =INT(N88/'تنظیمات'!$B$7) | P88: =N88-O88*'تنظیمات'!$B$7 | Q88: =IF(J88=0,0,K88+IF(M88<=O88,'تنظیمات'!$B$7,0)+IF(M88=1,P88,0)) | R88: ='سطرهای تسهیم'!F14 | S88: ='سطرهای تسهیم'!G14 | T88: =IFERROR(INDEX('دسته‌ها'!$D$5:$D$25,MATCH(S88,'دسته‌ها'!$A$5:$A$25,0)),"خیر")
A89: ='سطرهای تسهیم'!A14 | B89: ='سطرهای تسهیم'!B14 | C89: ='واحدها'!A8 | D89: ='واحدها'!H8 | E89: ='سطرهای تسهیم'!D14 | F89: ='سطرهای تسهیم'!E14 | G89: =IF('واحدها'!F8="بله",'شمول'!E9,0) | H89: =CHOOSE(MATCH(E89,'فهرست‌ها'!$A$4:$A$13,0),1,'واحدها'!E8,'واحدها'!D8*100,'واحدها'!J8,'واحدها'!J8,'وزن‌ها'!E9,'وزن‌ها'!E9,'واحدها'!K8,'واحدها'!L8,0) | I89: =G89*H89 | J89: =SUMIFS($I$5:$I$265,$A$5:$A$265,A89) | K89: =IF(J89=0,0,'تنظیمات'!$B$7*INT(F89*I89/(J89*'تنظیمات'!$B$7))) | L89: =IF(J89=0,0,F89*I89-J89*'تنظیمات'!$B$7*INT(F89*I89/(J89*'تنظیمات'!$B$7))) | M89: =1+COUNTIFS($A$5:$A$265,A89,$L$5:$L$265,">"&L89)+COUNTIFS($A$5:$A$265,A89,$L$5:$L$265,L89,$D$5:$D$265,"<"&D89) | N89: =IF(J89=0,0,F89-SUMIFS($K$5:$K$265,$A$5:$A$265,A89)) | O89: =INT(N89/'تنظیمات'!$B$7) | P89: =N89-O89*'تنظیمات'!$B$7 | Q89: =IF(J89=0,0,K89+IF(M89<=O89,'تنظیمات'!$B$7,0)+IF(M89=1,P89,0)) | R89: ='سطرهای تسهیم'!F14 | S89: ='سطرهای تسهیم'!G14 | T89: =IFERROR(INDEX('دسته‌ها'!$D$5:$D$25,MATCH(S89,'دسته‌ها'!$A$5:$A$25,0)),"خیر")
A90: ='سطرهای تسهیم'!A14 | B90: ='سطرهای تسهیم'!B14 | C90: ='واحدها'!A9 | D90: ='واحدها'!H9 | E90: ='سطرهای تسهیم'!D14 | F90: ='سطرهای تسهیم'!E14 | G90: =IF('واحدها'!F9="بله",'شمول'!F9,0) | H90: =CHOOSE(MATCH(E90,'فهرست‌ها'!$A$4:$A$13,0),1,'واحدها'!E9,'واحدها'!D9*100,'واحدها'!J9,'واحدها'!J9,'وزن‌ها'!F9,'وزن‌ها'!F9,'واحدها'!K9,'واحدها'!L9,0) | I90: =G90*H90 | J90: =SUMIFS($I$5:$I$265,$A$5:$A$265,A90) | K90: =IF(J90=0,0,'تنظیمات'!$B$7*INT(F90*I90/(J90*'تنظیمات'!$B$7))) | L90: =IF(J90=0,0,F90*I90-J90*'تنظیمات'!$B$7*INT(F90*I90/(J90*'تنظیمات'!$B$7))) | M90: =1+COUNTIFS($A$5:$A$265,A90,$L$5:$L$265,">"&L90)+COUNTIFS($A$5:$A$265,A90,$L$5:$L$265,L90,$D$5:$D$265,"<"&D90) | N90: =IF(J90=0,0,F90-SUMIFS($K$5:$K$265,$A$5:$A$265,A90)) | O90: =INT(N90/'تنظیمات'!$B$7) | P90: =N90-O90*'تنظیمات'!$B$7 | Q90: =IF(J90=0,0,K90+IF(M90<=O90,'تنظیمات'!$B$7,0)+IF(M90=1,P90,0)) | R90: ='سطرهای تسهیم'!F14 | S90: ='سطرهای تسهیم'!G14 | T90: =IFERROR(INDEX('دسته‌ها'!$D$5:$D$25,MATCH(S90,'دسته‌ها'!$A$5:$A$25,0)),"خیر")
A91: ='سطرهای تسهیم'!A14 | B91: ='سطرهای تسهیم'!B14 | C91: ='واحدها'!A10 | D91: ='واحدها'!H10 | E91: ='سطرهای تسهیم'!D14 | F91: ='سطرهای تسهیم'!E14 | G91: =IF('واحدها'!F10="بله",'شمول'!G9,0) | H91: =CHOOSE(MATCH(E91,'فهرست‌ها'!$A$4:$A$13,0),1,'واحدها'!E10,'واحدها'!D10*100,'واحدها'!J10,'واحدها'!J10,'وزن‌ها'!G9,'وزن‌ها'!G9,'واحدها'!K10,'واحدها'!L10,0) | I91: =G91*H91 | J91: =SUMIFS($I$5:$I$265,$A$5:$A$265,A91) | K91: =IF(J91=0,0,'تنظیمات'!$B$7*INT(F91*I91/(J91*'تنظیمات'!$B$7))) | L91: =IF(J91=0,0,F91*I91-J91*'تنظیمات'!$B$7*INT(F91*I91/(J91*'تنظیمات'!$B$7))) | M91: =1+COUNTIFS($A$5:$A$265,A91,$L$5:$L$265,">"&L91)+COUNTIFS($A$5:$A$265,A91,$L$5:$L$265,L91,$D$5:$D$265,"<"&D91) | N91: =IF(J91=0,0,F91-SUMIFS($K$5:$K$265,$A$5:$A$265,A91)) | O91: =INT(N91/'تنظیمات'!$B$7) | P91: =N91-O91*'تنظیمات'!$B$7 | Q91: =IF(J91=0,0,K91+IF(M91<=O91,'تنظیمات'!$B$7,0)+IF(M91=1,P91,0)) | R91: ='سطرهای تسهیم'!F14 | S91: ='سطرهای تسهیم'!G14 | T91: =IFERROR(INDEX('دسته‌ها'!$D$5:$D$25,MATCH(S91,'دسته‌ها'!$A$5:$A$25,0)),"خیر")
A92: ='سطرهای تسهیم'!A14 | B92: ='سطرهای تسهیم'!B14 | C92: ='واحدها'!A11 | D92: ='واحدها'!H11 | E92: ='سطرهای تسهیم'!D14 | F92: ='سطرهای تسهیم'!E14 | G92: =IF('واحدها'!F11="بله",'شمول'!H9,0) | H92: =CHOOSE(MATCH(E92,'فهرست‌ها'!$A$4:$A$13,0),1,'واحدها'!E11,'واحدها'!D11*100,'واحدها'!J11,'واحدها'!J11,'وزن‌ها'!H9,'وزن‌ها'!H9,'واحدها'!K11,'واحدها'!L11,0) | I92: =G92*H92 | J92: =SUMIFS($I$5:$I$265,$A$5:$A$265,A92) | K92: =IF(J92=0,0,'تنظیمات'!$B$7*INT(F92*I92/(J92*'تنظیمات'!$B$7))) | L92: =IF(J92=0,0,F92*I92-J92*'تنظیمات'!$B$7*INT(F92*I92/(J92*'تنظیمات'!$B$7))) | M92: =1+COUNTIFS($A$5:$A$265,A92,$L$5:$L$265,">"&L92)+COUNTIFS($A$5:$A$265,A92,$L$5:$L$265,L92,$D$5:$D$265,"<"&D92) | N92: =IF(J92=0,0,F92-SUMIFS($K$5:$K$265,$A$5:$A$265,A92)) | O92: =INT(N92/'تنظیمات'!$B$7) | P92: =N92-O92*'تنظیمات'!$B$7 | Q92: =IF(J92=0,0,K92+IF(M92<=O92,'تنظیمات'!$B$7,0)+IF(M92=1,P92,0)) | R92: ='سطرهای تسهیم'!F14 | S92: ='سطرهای تسهیم'!G14 | T92: =IFERROR(INDEX('دسته‌ها'!$D$5:$D$25,MATCH(S92,'دسته‌ها'!$A$5:$A$25,0)),"خیر")
A93: ='سطرهای تسهیم'!A14 | B93: ='سطرهای تسهیم'!B14 | C93: ='واحدها'!A12 | D93: ='واحدها'!H12 | E93: ='سطرهای تسهیم'!D14 | F93: ='سطرهای تسهیم'!E14 | G93: =IF('واحدها'!F12="بله",'شمول'!I9,0) | H93: =CHOOSE(MATCH(E93,'فهرست‌ها'!$A$4:$A$13,0),1,'واحدها'!E12,'واحدها'!D12*100,'واحدها'!J12,'واحدها'!J12,'وزن‌ها'!I9,'وزن‌ها'!I9,'واحدها'!K12,'واحدها'!L12,0) | I93: =G93*H93 | J93: =SUMIFS($I$5:$I$265,$A$5:$A$265,A93) | K93: =IF(J93=0,0,'تنظیمات'!$B$7*INT(F93*I93/(J93*'تنظیمات'!$B$7))) | L93: =IF(J93=0,0,F93*I93-J93*'تنظیمات'!$B$7*INT(F93*I93/(J93*'تنظیمات'!$B$7))) | M93: =1+COUNTIFS($A$5:$A$265,A93,$L$5:$L$265,">"&L93)+COUNTIFS($A$5:$A$265,A93,$L$5:$L$265,L93,$D$5:$D$265,"<"&D93) | N93: =IF(J93=0,0,F93-SUMIFS($K$5:$K$265,$A$5:$A$265,A93)) | O93: =INT(N93/'تنظیمات'!$B$7) | P93: =N93-O93*'تنظیمات'!$B$7 | Q93: =IF(J93=0,0,K93+IF(M93<=O93,'تنظیمات'!$B$7,0)+IF(M93=1,P93,0)) | R93: ='سطرهای تسهیم'!F14 | S93: ='سطرهای تسهیم'!G14 | T93: =IFERROR(INDEX('دسته‌ها'!$D$5:$D$25,MATCH(S93,'دسته‌ها'!$A$5:$A$25,0)),"خیر")
A94: ='سطرهای تسهیم'!A14 | B94: ='سطرهای تسهیم'!B14 | C94: ='واحدها'!A13 | D94: ='واحدها'!H13 | E94: ='سطرهای تسهیم'!D14 | F94: ='سطرهای تسهیم'!E14 | G94: =IF('واحدها'!F13="بله",'شمول'!J9,0) | H94: =CHOOSE(MATCH(E94,'فهرست‌ها'!$A$4:$A$13,0),1,'واحدها'!E13,'واحدها'!D13*100,'واحدها'!J13,'واحدها'!J13,'وزن‌ها'!J9,'وزن‌ها'!J9,'واحدها'!K13,'واحدها'!L13,0) | I94: =G94*H94 | J94: =SUMIFS($I$5:$I$265,$A$5:$A$265,A94) | K94: =IF(J94=0,0,'تنظیمات'!$B$7*INT(F94*I94/(J94*'تنظیمات'!$B$7))) | L94: =IF(J94=0,0,F94*I94-J94*'تنظیمات'!$B$7*INT(F94*I94/(J94*'تنظیمات'!$B$7))) | M94: =1+COUNTIFS($A$5:$A$265,A94,$L$5:$L$265,">"&L94)+COUNTIFS($A$5:$A$265,A94,$L$5:$L$265,L94,$D$5:$D$265,"<"&D94) | N94: =IF(J94=0,0,F94-SUMIFS($K$5:$K$265,$A$5:$A$265,A94)) | O94: =INT(N94/'تنظیمات'!$B$7) | P94: =N94-O94*'تنظیمات'!$B$7 | Q94: =IF(J94=0,0,K94+IF(M94<=O94,'تنظیمات'!$B$7,0)+IF(M94=1,P94,0)) | R94: ='سطرهای تسهیم'!F14 | S94: ='سطرهای تسهیم'!G14 | T94: =IFERROR(INDEX('دسته‌ها'!$D$5:$D$25,MATCH(S94,'دسته‌ها'!$A$5:$A$25,0)),"خیر")
A95: ='سطرهای تسهیم'!A15 | B95: ='سطرهای تسهیم'!B15 | C95: ='واحدها'!A5 | D95: ='واحدها'!H5 | E95: ='سطرهای تسهیم'!D15 | F95: ='سطرهای تسهیم'!E15 | G95: =IF('واحدها'!F5="بله",'شمول'!B10,0) | H95: =CHOOSE(MATCH(E95,'فهرست‌ها'!$A$4:$A$13,0),1,'واحدها'!E5,'واحدها'!D5*100,'واحدها'!J5,'واحدها'!J5,'وزن‌ها'!B10,'وزن‌ها'!B10,'واحدها'!K5,'واحدها'!L5,0) | I95: =G95*H95 | J95: =SUMIFS($I$5:$I$265,$A$5:$A$265,A95) | K95: =IF(J95=0,0,'تنظیمات'!$B$7*INT(F95*I95/(J95*'تنظیمات'!$B$7))) | L95: =IF(J95=0,0,F95*I95-J95*'تنظیمات'!$B$7*INT(F95*I95/(J95*'تنظیمات'!$B$7))) | M95: =1+COUNTIFS($A$5:$A$265,A95,$L$5:$L$265,">"&L95)+COUNTIFS($A$5:$A$265,A95,$L$5:$L$265,L95,$D$5:$D$265,"<"&D95) | N95: =IF(J95=0,0,F95-SUMIFS($K$5:$K$265,$A$5:$A$265,A95)) | O95: =INT(N95/'تنظیمات'!$B$7) | P95: =N95-O95*'تنظیمات'!$B$7 | Q95: =IF(J95=0,0,K95+IF(M95<=O95,'تنظیمات'!$B$7,0)+IF(M95=1,P95,0)) | R95: ='سطرهای تسهیم'!F15 | S95: ='سطرهای تسهیم'!G15 | T95: =IFERROR(INDEX('دسته‌ها'!$D$5:$D$25,MATCH(S95,'دسته‌ها'!$A$5:$A$25,0)),"خیر")
A96: ='سطرهای تسهیم'!A15 | B96: ='سطرهای تسهیم'!B15 | C96: ='واحدها'!A6 | D96: ='واحدها'!H6 | E96: ='سطرهای تسهیم'!D15 | F96: ='سطرهای تسهیم'!E15 | G96: =IF('واحدها'!F6="بله",'شمول'!C10,0) | H96: =CHOOSE(MATCH(E96,'فهرست‌ها'!$A$4:$A$13,0),1,'واحدها'!E6,'واحدها'!D6*100,'واحدها'!J6,'واحدها'!J6,'وزن‌ها'!C10,'وزن‌ها'!C10,'واحدها'!K6,'واحدها'!L6,0) | I96: =G96*H96 | J96: =SUMIFS($I$5:$I$265,$A$5:$A$265,A96) | K96: =IF(J96=0,0,'تنظیمات'!$B$7*INT(F96*I96/(J96*'تنظیمات'!$B$7))) | L96: =IF(J96=0,0,F96*I96-J96*'تنظیمات'!$B$7*INT(F96*I96/(J96*'تنظیمات'!$B$7))) | M96: =1+COUNTIFS($A$5:$A$265,A96,$L$5:$L$265,">"&L96)+COUNTIFS($A$5:$A$265,A96,$L$5:$L$265,L96,$D$5:$D$265,"<"&D96) | N96: =IF(J96=0,0,F96-SUMIFS($K$5:$K$265,$A$5:$A$265,A96)) | O96: =INT(N96/'تنظیمات'!$B$7) | P96: =N96-O96*'تنظیمات'!$B$7 | Q96: =IF(J96=0,0,K96+IF(M96<=O96,'تنظیمات'!$B$7,0)+IF(M96=1,P96,0)) | R96: ='سطرهای تسهیم'!F15 | S96: ='سطرهای تسهیم'!G15 | T96: =IFERROR(INDEX('دسته‌ها'!$D$5:$D$25,MATCH(S96,'دسته‌ها'!$A$5:$A$25,0)),"خیر")
A97: ='سطرهای تسهیم'!A15 | B97: ='سطرهای تسهیم'!B15 | C97: ='واحدها'!A7 | D97: ='واحدها'!H7 | E97: ='سطرهای تسهیم'!D15 | F97: ='سطرهای تسهیم'!E15 | G97: =IF('واحدها'!F7="بله",'شمول'!D10,0) | H97: =CHOOSE(MATCH(E97,'فهرست‌ها'!$A$4:$A$13,0),1,'واحدها'!E7,'واحدها'!D7*100,'واحدها'!J7,'واحدها'!J7,'وزن‌ها'!D10,'وزن‌ها'!D10,'واحدها'!K7,'واحدها'!L7,0) | I97: =G97*H97 | J97: =SUMIFS($I$5:$I$265,$A$5:$A$265,A97) | K97: =IF(J97=0,0,'تنظیمات'!$B$7*INT(F97*I97/(J97*'تنظیمات'!$B$7))) | L97: =IF(J97=0,0,F97*I97-J97*'تنظیمات'!$B$7*INT(F97*I97/(J97*'تنظیمات'!$B$7))) | M97: =1+COUNTIFS($A$5:$A$265,A97,$L$5:$L$265,">"&L97)+COUNTIFS($A$5:$A$265,A97,$L$5:$L$265,L97,$D$5:$D$265,"<"&D97) | N97: =IF(J97=0,0,F97-SUMIFS($K$5:$K$265,$A$5:$A$265,A97)) | O97: =INT(N97/'تنظیمات'!$B$7) | P97: =N97-O97*'تنظیمات'!$B$7 | Q97: =IF(J97=0,0,K97+IF(M97<=O97,'تنظیمات'!$B$7,0)+IF(M97=1,P97,0)) | R97: ='سطرهای تسهیم'!F15 | S97: ='سطرهای تسهیم'!G15 | T97: =IFERROR(INDEX('دسته‌ها'!$D$5:$D$25,MATCH(S97,'دسته‌ها'!$A$5:$A$25,0)),"خیر")
A98: ='سطرهای تسهیم'!A15 | B98: ='سطرهای تسهیم'!B15 | C98: ='واحدها'!A8 | D98: ='واحدها'!H8 | E98: ='سطرهای تسهیم'!D15 | F98: ='سطرهای تسهیم'!E15 | G98: =IF('واحدها'!F8="بله",'شمول'!E10,0) | H98: =CHOOSE(MATCH(E98,'فهرست‌ها'!$A$4:$A$13,0),1,'واحدها'!E8,'واحدها'!D8*100,'واحدها'!J8,'واحدها'!J8,'وزن‌ها'!E10,'وزن‌ها'!E10,'واحدها'!K8,'واحدها'!L8,0) | I98: =G98*H98 | J98: =SUMIFS($I$5:$I$265,$A$5:$A$265,A98) | K98: =IF(J98=0,0,'تنظیمات'!$B$7*INT(F98*I98/(J98*'تنظیمات'!$B$7))) | L98: =IF(J98=0,0,F98*I98-J98*'تنظیمات'!$B$7*INT(F98*I98/(J98*'تنظیمات'!$B$7))) | M98: =1+COUNTIFS($A$5:$A$265,A98,$L$5:$L$265,">"&L98)+COUNTIFS($A$5:$A$265,A98,$L$5:$L$265,L98,$D$5:$D$265,"<"&D98) | N98: =IF(J98=0,0,F98-SUMIFS($K$5:$K$265,$A$5:$A$265,A98)) | O98: =INT(N98/'تنظیمات'!$B$7) | P98: =N98-O98*'تنظیمات'!$B$7 | Q98: =IF(J98=0,0,K98+IF(M98<=O98,'تنظیمات'!$B$7,0)+IF(M98=1,P98,0)) | R98: ='سطرهای تسهیم'!F15 | S98: ='سطرهای تسهیم'!G15 | T98: =IFERROR(INDEX('دسته‌ها'!$D$5:$D$25,MATCH(S98,'دسته‌ها'!$A$5:$A$25,0)),"خیر")
A99: ='سطرهای تسهیم'!A15 | B99: ='سطرهای تسهیم'!B15 | C99: ='واحدها'!A9 | D99: ='واحدها'!H9 | E99: ='سطرهای تسهیم'!D15 | F99: ='سطرهای تسهیم'!E15 | G99: =IF('واحدها'!F9="بله",'شمول'!F10,0) | H99: =CHOOSE(MATCH(E99,'فهرست‌ها'!$A$4:$A$13,0),1,'واحدها'!E9,'واحدها'!D9*100,'واحدها'!J9,'واحدها'!J9,'وزن‌ها'!F10,'وزن‌ها'!F10,'واحدها'!K9,'واحدها'!L9,0) | I99: =G99*H99 | J99: =SUMIFS($I$5:$I$265,$A$5:$A$265,A99) | K99: =IF(J99=0,0,'تنظیمات'!$B$7*INT(F99*I99/(J99*'تنظیمات'!$B$7))) | L99: =IF(J99=0,0,F99*I99-J99*'تنظیمات'!$B$7*INT(F99*I99/(J99*'تنظیمات'!$B$7))) | M99: =1+COUNTIFS($A$5:$A$265,A99,$L$5:$L$265,">"&L99)+COUNTIFS($A$5:$A$265,A99,$L$5:$L$265,L99,$D$5:$D$265,"<"&D99) | N99: =IF(J99=0,0,F99-SUMIFS($K$5:$K$265,$A$5:$A$265,A99)) | O99: =INT(N99/'تنظیمات'!$B$7) | P99: =N99-O99*'تنظیمات'!$B$7 | Q99: =IF(J99=0,0,K99+IF(M99<=O99,'تنظیمات'!$B$7,0)+IF(M99=1,P99,0)) | R99: ='سطرهای تسهیم'!F15 | S99: ='سطرهای تسهیم'!G15 | T99: =IFERROR(INDEX('دسته‌ها'!$D$5:$D$25,MATCH(S99,'دسته‌ها'!$A$5:$A$25,0)),"خیر")
A100: ='سطرهای تسهیم'!A15 | B100: ='سطرهای تسهیم'!B15 | C100: ='واحدها'!A10 | D100: ='واحدها'!H10 | E100: ='سطرهای تسهیم'!D15 | F100: ='سطرهای تسهیم'!E15 | G100: =IF('واحدها'!F10="بله",'شمول'!G10,0) | H100: =CHOOSE(MATCH(E100,'فهرست‌ها'!$A$4:$A$13,0),1,'واحدها'!E10,'واحدها'!D10*100,'واحدها'!J10,'واحدها'!J10,'وزن‌ها'!G10,'وزن‌ها'!G10,'واحدها'!K10,'واحدها'!L10,0) | I100: =G100*H100 | J100: =SUMIFS($I$5:$I$265,$A$5:$A$265,A100) | K100: =IF(J100=0,0,'تنظیمات'!$B$7*INT(F100*I100/(J100*'تنظیمات'!$B$7))) | L100: =IF(J100=0,0,F100*I100-J100*'تنظیمات'!$B$7*INT(F100*I100/(J100*'تنظیمات'!$B$7))) | M100: =1+COUNTIFS($A$5:$A$265,A100,$L$5:$L$265,">"&L100)+COUNTIFS($A$5:$A$265,A100,$L$5:$L$265,L100,$D$5:$D$265,"<"&D100) | N100: =IF(J100=0,0,F100-SUMIFS($K$5:$K$265,$A$5:$A$265,A100)) | O100: =INT(N100/'تنظیمات'!$B$7) | P100: =N100-O100*'تنظیمات'!$B$7 | Q100: =IF(J100=0,0,K100+IF(M100<=O100,'تنظیمات'!$B$7,0)+IF(M100=1,P100,0)) | R100: ='سطرهای تسهیم'!F15 | S100: ='سطرهای تسهیم'!G15 | T100: =IFERROR(INDEX('دسته‌ها'!$D$5:$D$25,MATCH(S100,'دسته‌ها'!$A$5:$A$25,0)),"خیر")
A101: ='سطرهای تسهیم'!A15 | B101: ='سطرهای تسهیم'!B15 | C101: ='واحدها'!A11 | D101: ='واحدها'!H11 | E101: ='سطرهای تسهیم'!D15 | F101: ='سطرهای تسهیم'!E15 | G101: =IF('واحدها'!F11="بله",'شمول'!H10,0) | H101: =CHOOSE(MATCH(E101,'فهرست‌ها'!$A$4:$A$13,0),1,'واحدها'!E11,'واحدها'!D11*100,'واحدها'!J11,'واحدها'!J11,'وزن‌ها'!H10,'وزن‌ها'!H10,'واحدها'!K11,'واحدها'!L11,0) | I101: =G101*H101 | J101: =SUMIFS($I$5:$I$265,$A$5:$A$265,A101) | K101: =IF(J101=0,0,'تنظیمات'!$B$7*INT(F101*I101/(J101*'تنظیمات'!$B$7))) | L101: =IF(J101=0,0,F101*I101-J101*'تنظیمات'!$B$7*INT(F101*I101/(J101*'تنظیمات'!$B$7))) | M101: =1+COUNTIFS($A$5:$A$265,A101,$L$5:$L$265,">"&L101)+COUNTIFS($A$5:$A$265,A101,$L$5:$L$265,L101,$D$5:$D$265,"<"&D101) | N101: =IF(J101=0,0,F101-SUMIFS($K$5:$K$265,$A$5:$A$265,A101)) | O101: =INT(N101/'تنظیمات'!$B$7) | P101: =N101-O101*'تنظیمات'!$B$7 | Q101: =IF(J101=0,0,K101+IF(M101<=O101,'تنظیمات'!$B$7,0)+IF(M101=1,P101,0)) | R101: ='سطرهای تسهیم'!F15 | S101: ='سطرهای تسهیم'!G15 | T101: =IFERROR(INDEX('دسته‌ها'!$D$5:$D$25,MATCH(S101,'دسته‌ها'!$A$5:$A$25,0)),"خیر")
...

Sheet ریز شارژ
A1: ریز شارژ هر واحد به تفکیک سطر تسهیم
A2: جمع هر سطر باید برابر مبلغ سطر باشد (ستون «اختلاف» = ۰).
A4: سطر | B4: شرح | C4: مبلغ سطر | D4: 1-1 | E4: 1-2 | F4: 1-3 | G4: 2-1 | H4: 2-2 | I4: 3-1 | J4: 3-2 | K4: 4-1 | L4: 4-2 | M4: جمع تسهیم | N4: اختلاف
A5: ='سطرهای تسهیم'!A5 | B5: ='سطرهای تسهیم'!C5 | C5: ='سطرهای تسهیم'!E5 | D5: =SUMIFS('محاسبه تسهیم'!$Q$5:$Q$265,'محاسبه تسهیم'!$A$5:$A$265,$A5,'محاسبه تسهیم'!$C$5:$C$265,D$4) | E5: =SUMIFS('محاسبه تسهیم'!$Q$5:$Q$265,'محاسبه تسهیم'!$A$5:$A$265,$A5,'محاسبه تسهیم'!$C$5:$C$265,E$4) | F5: =SUMIFS('محاسبه تسهیم'!$Q$5:$Q$265,'محاسبه تسهیم'!$A$5:$A$265,$A5,'محاسبه تسهیم'!$C$5:$C$265,F$4) | G5: =SUMIFS('محاسبه تسهیم'!$Q$5:$Q$265,'محاسبه تسهیم'!$A$5:$A$265,$A5,'محاسبه تسهیم'!$C$5:$C$265,G$4) | H5: =SUMIFS('محاسبه تسهیم'!$Q$5:$Q$265,'محاسبه تسهیم'!$A$5:$A$265,$A5,'محاسبه تسهیم'!$C$5:$C$265,H$4) | I5: =SUMIFS('محاسبه تسهیم'!$Q$5:$Q$265,'محاسبه تسهیم'!$A$5:$A$265,$A5,'محاسبه تسهیم'!$C$5:$C$265,I$4) | J5: =SUMIFS('محاسبه تسهیم'!$Q$5:$Q$265,'محاسبه تسهیم'!$A$5:$A$265,$A5,'محاسبه تسهیم'!$C$5:$C$265,J$4) | K5: =SUMIFS('محاسبه تسهیم'!$Q$5:$Q$265,'محاسبه تسهیم'!$A$5:$A$265,$A5,'محاسبه تسهیم'!$C$5:$C$265,K$4) | L5: =SUMIFS('محاسبه تسهیم'!$Q$5:$Q$265,'محاسبه تسهیم'!$A$5:$A$265,$A5,'محاسبه تسهیم'!$C$5:$C$265,L$4) | M5: =SUM(D5:L5) | N5: =C5-M5
A6: ='سطرهای تسهیم'!A6 | B6: ='سطرهای تسهیم'!C6 | C6: ='سطرهای تسهیم'!E6 | D6: =SUMIFS('محاسبه تسهیم'!$Q$5:$Q$265,'محاسبه تسهیم'!$A$5:$A$265,$A6,'محاسبه تسهیم'!$C$5:$C$265,D$4) | E6: =SUMIFS('محاسبه تسهیم'!$Q$5:$Q$265,'محاسبه تسهیم'!$A$5:$A$265,$A6,'محاسبه تسهیم'!$C$5:$C$265,E$4) | F6: =SUMIFS('محاسبه تسهیم'!$Q$5:$Q$265,'محاسبه تسهیم'!$A$5:$A$265,$A6,'محاسبه تسهیم'!$C$5:$C$265,F$4) | G6: =SUMIFS('محاسبه تسهیم'!$Q$5:$Q$265,'محاسبه تسهیم'!$A$5:$A$265,$A6,'محاسبه تسهیم'!$C$5:$C$265,G$4) | H6: =SUMIFS('محاسبه تسهیم'!$Q$5:$Q$265,'محاسبه تسهیم'!$A$5:$A$265,$A6,'محاسبه تسهیم'!$C$5:$C$265,H$4) | I6: =SUMIFS('محاسبه تسهیم'!$Q$5:$Q$265,'محاسبه تسهیم'!$A$5:$A$265,$A6,'محاسبه تسهیم'!$C$5:$C$265,I$4) | J6: =SUMIFS('محاسبه تسهیم'!$Q$5:$Q$265,'محاسبه تسهیم'!$A$5:$A$265,$A6,'محاسبه تسهیم'!$C$5:$C$265,J$4) | K6: =SUMIFS('محاسبه تسهیم'!$Q$5:$Q$265,'محاسبه تسهیم'!$A$5:$A$265,$A6,'محاسبه تسهیم'!$C$5:$C$265,K$4) | L6: =SUMIFS('محاسبه تسهیم'!$Q$5:$Q$265,'محاسبه تسهیم'!$A$5:$A$265,$A6,'محاسبه تسهیم'!$C$5:$C$265,L$4) | M6: =SUM(D6:L6) | N6: =C6-M6
A7: ='سطرهای تسهیم'!A7 | B7: ='سطرهای تسهیم'!C7 | C7: ='سطرهای تسهیم'!E7 | D7: =SUMIFS('محاسبه تسهیم'!$Q$5:$Q$265,'محاسبه تسهیم'!$A$5:$A$265,$A7,'محاسبه تسهیم'!$C$5:$C$265,D$4) | E7: =SUMIFS('محاسبه تسهیم'!$Q$5:$Q$265,'محاسبه تسهیم'!$A$5:$A$265,$A7,'محاسبه تسهیم'!$C$5:$C$265,E$4) | F7: =SUMIFS('محاسبه تسهیم'!$Q$5:$Q$265,'محاسبه تسهیم'!$A$5:$A$265,$A7,'محاسبه تسهیم'!$C$5:$C$265,F$4) | G7: =SUMIFS('محاسبه تسهیم'!$Q$5:$Q$265,'محاسبه تسهیم'!$A$5:$A$265,$A7,'محاسبه تسهیم'!$C$5:$C$265,G$4) | H7: =SUMIFS('محاسبه تسهیم'!$Q$5:$Q$265,'محاسبه تسهیم'!$A$5:$A$265,$A7,'محاسبه تسهیم'!$C$5:$C$265,H$4) | I7: =SUMIFS('محاسبه تسهیم'!$Q$5:$Q$265,'محاسبه تسهیم'!$A$5:$A$265,$A7,'محاسبه تسهیم'!$C$5:$C$265,I$4) | J7: =SUMIFS('محاسبه تسهیم'!$Q$5:$Q$265,'محاسبه تسهیم'!$A$5:$A$265,$A7,'محاسبه تسهیم'!$C$5:$C$265,J$4) | K7: =SUMIFS('محاسبه تسهیم'!$Q$5:$Q$265,'محاسبه تسهیم'!$A$5:$A$265,$A7,'محاسبه تسهیم'!$C$5:$C$265,K$4) | L7: =SUMIFS('محاسبه تسهیم'!$Q$5:$Q$265,'محاسبه تسهیم'!$A$5:$A$265,$A7,'محاسبه تسهیم'!$C$5:$C$265,L$4) | M7: =SUM(D7:L7) | N7: =C7-M7
A8: ='سطرهای تسهیم'!A8 | B8: ='سطرهای تسهیم'!C8 | C8: ='سطرهای تسهیم'!E8 | D8: =SUMIFS('محاسبه تسهیم'!$Q$5:$Q$265,'محاسبه تسهیم'!$A$5:$A$265,$A8,'محاسبه تسهیم'!$C$5:$C$265,D$4) | E8: =SUMIFS('محاسبه تسهیم'!$Q$5:$Q$265,'محاسبه تسهیم'!$A$5:$A$265,$A8,'محاسبه تسهیم'!$C$5:$C$265,E$4) | F8: =SUMIFS('محاسبه تسهیم'!$Q$5:$Q$265,'محاسبه تسهیم'!$A$5:$A$265,$A8,'محاسبه تسهیم'!$C$5:$C$265,F$4) | G8: =SUMIFS('محاسبه تسهیم'!$Q$5:$Q$265,'محاسبه تسهیم'!$A$5:$A$265,$A8,'محاسبه تسهیم'!$C$5:$C$265,G$4) | H8: =SUMIFS('محاسبه تسهیم'!$Q$5:$Q$265,'محاسبه تسهیم'!$A$5:$A$265,$A8,'محاسبه تسهیم'!$C$5:$C$265,H$4) | I8: =SUMIFS('محاسبه تسهیم'!$Q$5:$Q$265,'محاسبه تسهیم'!$A$5:$A$265,$A8,'محاسبه تسهیم'!$C$5:$C$265,I$4) | J8: =SUMIFS('محاسبه تسهیم'!$Q$5:$Q$265,'محاسبه تسهیم'!$A$5:$A$265,$A8,'محاسبه تسهیم'!$C$5:$C$265,J$4) | K8: =SUMIFS('محاسبه تسهیم'!$Q$5:$Q$265,'محاسبه تسهیم'!$A$5:$A$265,$A8,'محاسبه تسهیم'!$C$5:$C$265,K$4) | L8: =SUMIFS('محاسبه تسهیم'!$Q$5:$Q$265,'محاسبه تسهیم'!$A$5:$A$265,$A8,'محاسبه تسهیم'!$C$5:$C$265,L$4) | M8: =SUM(D8:L8) | N8: =C8-M8
A9: ='سطرهای تسهیم'!A9 | B9: ='سطرهای تسهیم'!C9 | C9: ='سطرهای تسهیم'!E9 | D9: =SUMIFS('محاسبه تسهیم'!$Q$5:$Q$265,'محاسبه تسهیم'!$A$5:$A$265,$A9,'محاسبه تسهیم'!$C$5:$C$265,D$4) | E9: =SUMIFS('محاسبه تسهیم'!$Q$5:$Q$265,'محاسبه تسهیم'!$A$5:$A$265,$A9,'محاسبه تسهیم'!$C$5:$C$265,E$4) | F9: =SUMIFS('محاسبه تسهیم'!$Q$5:$Q$265,'محاسبه تسهیم'!$A$5:$A$265,$A9,'محاسبه تسهیم'!$C$5:$C$265,F$4) | G9: =SUMIFS('محاسبه تسهیم'!$Q$5:$Q$265,'محاسبه تسهیم'!$A$5:$A$265,$A9,'محاسبه تسهیم'!$C$5:$C$265,G$4) | H9: =SUMIFS('محاسبه تسهیم'!$Q$5:$Q$265,'محاسبه تسهیم'!$A$5:$A$265,$A9,'محاسبه تسهیم'!$C$5:$C$265,H$4) | I9: =SUMIFS('محاسبه تسهیم'!$Q$5:$Q$265,'محاسبه تسهیم'!$A$5:$A$265,$A9,'محاسبه تسهیم'!$C$5:$C$265,I$4) | J9: =SUMIFS('محاسبه تسهیم'!$Q$5:$Q$265,'محاسبه تسهیم'!$A$5:$A$265,$A9,'محاسبه تسهیم'!$C$5:$C$265,J$4) | K9: =SUMIFS('محاسبه تسهیم'!$Q$5:$Q$265,'محاسبه تسهیم'!$A$5:$A$265,$A9,'محاسبه تسهیم'!$C$5:$C$265,K$4) | L9: =SUMIFS('محاسبه تسهیم'!$Q$5:$Q$265,'محاسبه تسهیم'!$A$5:$A$265,$A9,'محاسبه تسهیم'!$C$5:$C$265,L$4) | M9: =SUM(D9:L9) | N9: =C9-M9
A10: ='سطرهای تسهیم'!A10 | B10: ='سطرهای تسهیم'!C10 | C10: ='سطرهای تسهیم'!E10 | D10: =SUMIFS('محاسبه تسهیم'!$Q$5:$Q$265,'محاسبه تسهیم'!$A$5:$A$265,$A10,'محاسبه تسهیم'!$C$5:$C$265,D$4) | E10: =SUMIFS('محاسبه تسهیم'!$Q$5:$Q$265,'محاسبه تسهیم'!$A$5:$A$265,$A10,'محاسبه تسهیم'!$C$5:$C$265,E$4) | F10: =SUMIFS('محاسبه تسهیم'!$Q$5:$Q$265,'محاسبه تسهیم'!$A$5:$A$265,$A10,'محاسبه تسهیم'!$C$5:$C$265,F$4) | G10: =SUMIFS('محاسبه تسهیم'!$Q$5:$Q$265,'محاسبه تسهیم'!$A$5:$A$265,$A10,'محاسبه تسهیم'!$C$5:$C$265,G$4) | H10: =SUMIFS('محاسبه تسهیم'!$Q$5:$Q$265,'محاسبه تسهیم'!$A$5:$A$265,$A10,'محاسبه تسهیم'!$C$5:$C$265,H$4) | I10: =SUMIFS('محاسبه تسهیم'!$Q$5:$Q$265,'محاسبه تسهیم'!$A$5:$A$265,$A10,'محاسبه تسهیم'!$C$5:$C$265,I$4) | J10: =SUMIFS('محاسبه تسهیم'!$Q$5:$Q$265,'محاسبه تسهیم'!$A$5:$A$265,$A10,'محاسبه تسهیم'!$C$5:$C$265,J$4) | K10: =SUMIFS('محاسبه تسهیم'!$Q$5:$Q$265,'محاسبه تسهیم'!$A$5:$A$265,$A10,'محاسبه تسهیم'!$C$5:$C$265,K$4) | L10: =SUMIFS('محاسبه تسهیم'!$Q$5:$Q$265,'محاسبه تسهیم'!$A$5:$A$265,$A10,'محاسبه تسهیم'!$C$5:$C$265,L$4) | M10: =SUM(D10:L10) | N10: =C10-M10
A11: ='سطرهای تسهیم'!A11 | B11: ='سطرهای تسهیم'!C11 | C11: ='سطرهای تسهیم'!E11 | D11: =SUMIFS('محاسبه تسهیم'!$Q$5:$Q$265,'محاسبه تسهیم'!$A$5:$A$265,$A11,'محاسبه تسهیم'!$C$5:$C$265,D$4) | E11: =SUMIFS('محاسبه تسهیم'!$Q$5:$Q$265,'محاسبه تسهیم'!$A$5:$A$265,$A11,'محاسبه تسهیم'!$C$5:$C$265,E$4) | F11: =SUMIFS('محاسبه تسهیم'!$Q$5:$Q$265,'محاسبه تسهیم'!$A$5:$A$265,$A11,'محاسبه تسهیم'!$C$5:$C$265,F$4) | G11: =SUMIFS('محاسبه تسهیم'!$Q$5:$Q$265,'محاسبه تسهیم'!$A$5:$A$265,$A11,'محاسبه تسهیم'!$C$5:$C$265,G$4) | H11: =SUMIFS('محاسبه تسهیم'!$Q$5:$Q$265,'محاسبه تسهیم'!$A$5:$A$265,$A11,'محاسبه تسهیم'!$C$5:$C$265,H$4) | I11: =SUMIFS('محاسبه تسهیم'!$Q$5:$Q$265,'محاسبه تسهیم'!$A$5:$A$265,$A11,'محاسبه تسهیم'!$C$5:$C$265,I$4) | J11: =SUMIFS('محاسبه تسهیم'!$Q$5:$Q$265,'محاسبه تسهیم'!$A$5:$A$265,$A11,'محاسبه تسهیم'!$C$5:$C$265,J$4) | K11: =SUMIFS('محاسبه تسهیم'!$Q$5:$Q$265,'محاسبه تسهیم'!$A$5:$A$265,$A11,'محاسبه تسهیم'!$C$5:$C$265,K$4) | L11: =SUMIFS('محاسبه تسهیم'!$Q$5:$Q$265,'محاسبه تسهیم'!$A$5:$A$265,$A11,'محاسبه تسهیم'!$C$5:$C$265,L$4) | M11: =SUM(D11:L11) | N11: =C11-M11
A12: ='سطرهای تسهیم'!A12 | B12: ='سطرهای تسهیم'!C12 | C12: ='سطرهای تسهیم'!E12 | D12: =SUMIFS('محاسبه تسهیم'!$Q$5:$Q$265,'محاسبه تسهیم'!$A$5:$A$265,$A12,'محاسبه تسهیم'!$C$5:$C$265,D$4) | E12: =SUMIFS('محاسبه تسهیم'!$Q$5:$Q$265,'محاسبه تسهیم'!$A$5:$A$265,$A12,'محاسبه تسهیم'!$C$5:$C$265,E$4) | F12: =SUMIFS('محاسبه تسهیم'!$Q$5:$Q$265,'محاسبه تسهیم'!$A$5:$A$265,$A12,'محاسبه تسهیم'!$C$5:$C$265,F$4) | G12: =SUMIFS('محاسبه تسهیم'!$Q$5:$Q$265,'محاسبه تسهیم'!$A$5:$A$265,$A12,'محاسبه تسهیم'!$C$5:$C$265,G$4) | H12: =SUMIFS('محاسبه تسهیم'!$Q$5:$Q$265,'محاسبه تسهیم'!$A$5:$A$265,$A12,'محاسبه تسهیم'!$C$5:$C$265,H$4) | I12: =SUMIFS('محاسبه تسهیم'!$Q$5:$Q$265,'محاسبه تسهیم'!$A$5:$A$265,$A12,'محاسبه تسهیم'!$C$5:$C$265,I$4) | J12: =SUMIFS('محاسبه تسهیم'!$Q$5:$Q$265,'محاسبه تسهیم'!$A$5:$A$265,$A12,'محاسبه تسهیم'!$C$5:$C$265,J$4) | K12: =SUMIFS('محاسبه تسهیم'!$Q$5:$Q$265,'محاسبه تسهیم'!$A$5:$A$265,$A12,'محاسبه تسهیم'!$C$5:$C$265,K$4) | L12: =SUMIFS('محاسبه تسهیم'!$Q$5:$Q$265,'محاسبه تسهیم'!$A$5:$A$265,$A12,'محاسبه تسهیم'!$C$5:$C$265,L$4) | M12: =SUM(D12:L12) | N12: =C12-M12
A13: ='سطرهای تسهیم'!A13 | B13: ='سطرهای تسهیم'!C13 | C13: ='سطرهای تسهیم'!E13 | D13: =SUMIFS('محاسبه تسهیم'!$Q$5:$Q$265,'محاسبه تسهیم'!$A$5:$A$265,$A13,'محاسبه تسهیم'!$C$5:$C$265,D$4) | E13: =SUMIFS('محاسبه تسهیم'!$Q$5:$Q$265,'محاسبه تسهیم'!$A$5:$A$265,$A13,'محاسبه تسهیم'!$C$5:$C$265,E$4) | F13: =SUMIFS('محاسبه تسهیم'!$Q$5:$Q$265,'محاسبه تسهیم'!$A$5:$A$265,$A13,'محاسبه تسهیم'!$C$5:$C$265,F$4) | G13: =SUMIFS('محاسبه تسهیم'!$Q$5:$Q$265,'محاسبه تسهیم'!$A$5:$A$265,$A13,'محاسبه تسهیم'!$C$5:$C$265,G$4) | H13: =SUMIFS('محاسبه تسهیم'!$Q$5:$Q$265,'محاسبه تسهیم'!$A$5:$A$265,$A13,'محاسبه تسهیم'!$C$5:$C$265,H$4) | I13: =SUMIFS('محاسبه تسهیم'!$Q$5:$Q$265,'محاسبه تسهیم'!$A$5:$A$265,$A13,'محاسبه تسهیم'!$C$5:$C$265,I$4) | J13: =SUMIFS('محاسبه تسهیم'!$Q$5:$Q$265,'محاسبه تسهیم'!$A$5:$A$265,$A13,'محاسبه تسهیم'!$C$5:$C$265,J$4) | K13: =SUMIFS('محاسبه تسهیم'!$Q$5:$Q$265,'محاسبه تسهیم'!$A$5:$A$265,$A13,'محاسبه تسهیم'!$C$5:$C$265,K$4) | L13: =SUMIFS('محاسبه تسهیم'!$Q$5:$Q$265,'محاسبه تسهیم'!$A$5:$A$265,$A13,'محاسبه تسهیم'!$C$5:$C$265,L$4) | M13: =SUM(D13:L13) | N13: =C13-M13
A14: ='سطرهای تسهیم'!A14 | B14: ='سطرهای تسهیم'!C14 | C14: ='سطرهای تسهیم'!E14 | D14: =SUMIFS('محاسبه تسهیم'!$Q$5:$Q$265,'محاسبه تسهیم'!$A$5:$A$265,$A14,'محاسبه تسهیم'!$C$5:$C$265,D$4) | E14: =SUMIFS('محاسبه تسهیم'!$Q$5:$Q$265,'محاسبه تسهیم'!$A$5:$A$265,$A14,'محاسبه تسهیم'!$C$5:$C$265,E$4) | F14: =SUMIFS('محاسبه تسهیم'!$Q$5:$Q$265,'محاسبه تسهیم'!$A$5:$A$265,$A14,'محاسبه تسهیم'!$C$5:$C$265,F$4) | G14: =SUMIFS('محاسبه تسهیم'!$Q$5:$Q$265,'محاسبه تسهیم'!$A$5:$A$265,$A14,'محاسبه تسهیم'!$C$5:$C$265,G$4) | H14: =SUMIFS('محاسبه تسهیم'!$Q$5:$Q$265,'محاسبه تسهیم'!$A$5:$A$265,$A14,'محاسبه تسهیم'!$C$5:$C$265,H$4) | I14: =SUMIFS('محاسبه تسهیم'!$Q$5:$Q$265,'محاسبه تسهیم'!$A$5:$A$265,$A14,'محاسبه تسهیم'!$C$5:$C$265,I$4) | J14: =SUMIFS('محاسبه تسهیم'!$Q$5:$Q$265,'محاسبه تسهیم'!$A$5:$A$265,$A14,'محاسبه تسهیم'!$C$5:$C$265,J$4) | K14: =SUMIFS('محاسبه تسهیم'!$Q$5:$Q$265,'محاسبه تسهیم'!$A$5:$A$265,$A14,'محاسبه تسهیم'!$C$5:$C$265,K$4) | L14: =SUMIFS('محاسبه تسهیم'!$Q$5:$Q$265,'محاسبه تسهیم'!$A$5:$A$265,$A14,'محاسبه تسهیم'!$C$5:$C$265,L$4) | M14: =SUM(D14:L14) | N14: =C14-M14
A15: ='سطرهای تسهیم'!A15 | B15: ='سطرهای تسهیم'!C15 | C15: ='سطرهای تسهیم'!E15 | D15: =SUMIFS('محاسبه تسهیم'!$Q$5:$Q$265,'محاسبه تسهیم'!$A$5:$A$265,$A15,'محاسبه تسهیم'!$C$5:$C$265,D$4) | E15: =SUMIFS('محاسبه تسهیم'!$Q$5:$Q$265,'محاسبه تسهیم'!$A$5:$A$265,$A15,'محاسبه تسهیم'!$C$5:$C$265,E$4) | F15: =SUMIFS('محاسبه تسهیم'!$Q$5:$Q$265,'محاسبه تسهیم'!$A$5:$A$265,$A15,'محاسبه تسهیم'!$C$5:$C$265,F$4) | G15: =SUMIFS('محاسبه تسهیم'!$Q$5:$Q$265,'محاسبه تسهیم'!$A$5:$A$265,$A15,'محاسبه تسهیم'!$C$5:$C$265,G$4) | H15: =SUMIFS('محاسبه تسهیم'!$Q$5:$Q$265,'محاسبه تسهیم'!$A$5:$A$265,$A15,'محاسبه تسهیم'!$C$5:$C$265,H$4) | I15: =SUMIFS('محاسبه تسهیم'!$Q$5:$Q$265,'محاسبه تسهیم'!$A$5:$A$265,$A15,'محاسبه تسهیم'!$C$5:$C$265,I$4) | J15: =SUMIFS('محاسبه تسهیم'!$Q$5:$Q$265,'محاسبه تسهیم'!$A$5:$A$265,$A15,'محاسبه تسهیم'!$C$5:$C$265,J$4) | K15: =SUMIFS('محاسبه تسهیم'!$Q$5:$Q$265,'محاسبه تسهیم'!$A$5:$A$265,$A15,'محاسبه تسهیم'!$C$5:$C$265,K$4) | L15: =SUMIFS('محاسبه تسهیم'!$Q$5:$Q$265,'محاسبه تسهیم'!$A$5:$A$265,$A15,'محاسبه تسهیم'!$C$5:$C$265,L$4) | M15: =SUM(D15:L15) | N15: =C15-M15
A16: ='سطرهای تسهیم'!A16 | B16: ='سطرهای تسهیم'!C16 | C16: ='سطرهای تسهیم'!E16 | D16: =SUMIFS('محاسبه تسهیم'!$Q$5:$Q$265,'محاسبه تسهیم'!$A$5:$A$265,$A16,'محاسبه تسهیم'!$C$5:$C$265,D$4) | E16: =SUMIFS('محاسبه تسهیم'!$Q$5:$Q$265,'محاسبه تسهیم'!$A$5:$A$265,$A16,'محاسبه تسهیم'!$C$5:$C$265,E$4) | F16: =SUMIFS('محاسبه تسهیم'!$Q$5:$Q$265,'محاسبه تسهیم'!$A$5:$A$265,$A16,'محاسبه تسهیم'!$C$5:$C$265,F$4) | G16: =SUMIFS('محاسبه تسهیم'!$Q$5:$Q$265,'محاسبه تسهیم'!$A$5:$A$265,$A16,'محاسبه تسهیم'!$C$5:$C$265,G$4) | H16: =SUMIFS('محاسبه تسهیم'!$Q$5:$Q$265,'محاسبه تسهیم'!$A$5:$A$265,$A16,'محاسبه تسهیم'!$C$5:$C$265,H$4) | I16: =SUMIFS('محاسبه تسهیم'!$Q$5:$Q$265,'محاسبه تسهیم'!$A$5:$A$265,$A16,'محاسبه تسهیم'!$C$5:$C$265,I$4) | J16: =SUMIFS('محاسبه تسهیم'!$Q$5:$Q$265,'محاسبه تسهیم'!$A$5:$A$265,$A16,'محاسبه تسهیم'!$C$5:$C$265,J$4) | K16: =SUMIFS('محاسبه تسهیم'!$Q$5:$Q$265,'محاسبه تسهیم'!$A$5:$A$265,$A16,'محاسبه تسهیم'!$C$5:$C$265,K$4) | L16: =SUMIFS('محاسبه تسهیم'!$Q$5:$Q$265,'محاسبه تسهیم'!$A$5:$A$265,$A16,'محاسبه تسهیم'!$C$5:$C$265,L$4) | M16: =SUM(D16:L16) | N16: =C16-M16
... A33: ='سطرهای تسهیم'!A33 | B33: ='سطرهای تسهیم'!C33 | C33: ='سطرهای تسهیم'!E33 | D33: =SUMIFS('محاسبه تسهیم'!$Q$5:$Q$265,'محاسبه تسهیم'!$A$5:$A$265,$A33,'محاسبه تسهیم'!$C$5:$C$265,D$4) | E33: =SUMIFS('محاسبه تسهیم'!$Q$5:$Q$265,'محاسبه تسهیم'!$A$5:$A$265,$A33,'محاسبه تسهیم'!$C$5:$C$265,E$4) | F33: =SUMIFS('محاسبه تسهیم'!$Q$5:$Q$265,'محاسبه تسهیم'!$A$5:$A$265,$A33,'محاسبه تسهیم'!$C$5:$C$265,F$4) | G33: =SUMIFS('محاسبه تسهیم'!$Q$5:$Q$265,'محاسبه تسهیم'!$A$5:$A$265,$A33,'محاسبه تسهیم'!$C$5:$C$265,G$4) | H33: =SUMIFS('محاسبه تسهیم'!$Q$5:$Q$265,'محاسبه تسهیم'!$A$5:$A$265,$A33,'محاسبه تسهیم'!$C$5:$C$265,H$4) | I33: =SUMIFS('محاسبه تسهیم'!$Q$5:$Q$265,'محاسبه تسهیم'!$A$5:$A$265,$A33,'محاسبه تسهیم'!$C$5:$C$265,I$4) | J33: =SUMIFS('محاسبه تسهیم'!$Q$5:$Q$265,'محاسبه تسهیم'!$A$5:$A$265,$A33,'محاسبه تسهیم'!$C$5:$C$265,J$4) | K33: =SUMIFS('محاسبه تسهیم'!$Q$5:$Q$265,'محاسبه تسهیم'!$A$5:$A$265,$A33,'محاسبه تسهیم'!$C$5:$C$265,K$4) | L33: =SUMIFS('محاسبه تسهیم'!$Q$5:$Q$265,'محاسبه تسهیم'!$A$5:$A$265,$A33,'محاسبه تسهیم'!$C$5:$C$265,L$4) | M33: =SUM(D33:L33) | N33: =C33-M33
B34: جمع | C34: =SUM(C5:C33) | D34: =SUM(D5:D33) | E34: =SUM(E5:E33) | F34: =SUM(F5:F33) | G34: =SUM(G5:G33) | H34: =SUM(H5:H33) | I34: =SUM(I5:I33) | J34: =SUM(J5:J33) | ... N34: =SUM(N5:N33)

Sheet افتتاحیه
A1: مانده‌های افتتاحیه (ساختگی)
A2: مانده واحد: مثبت = بدهکار، منفی = بستانکار.
A4: عنوان | B4: مبلغ (ریال)
A5: موجودی نقد افتتاحیه | B5: 60000000
A6: مانده افتتاحیه صندوق اندوخته | B6: 40000000
A7: بدهی افتتاحیه به تامین‌کنندگان | B7: 0
A8: مانده افتتاحیه صندوق عملیاتی (محاسبه‌شده) | B8: =B5+SUM(B11:B19)-B7-B6
A10: مانده افتتاحیه واحدها
A11: ='واحدها'!A5 | B11: 0
A12: ='واحدها'!A6 | B12: 1200000
A13: ='واحدها'!A7 | B13: 0
A14: ='واحدها'!A8 | B14: 0
A15: ='واحدها'!A9 | B15: 0
A16: ='واحدها'!A10 | B16: -500000
A17: ='واحدها'!A11 | B17: 0
A18: ='واحدها'!A12 | B18: 0
A19: ='واحدها'!A13 | B19: 0

Sheet دریافت‌ها
A1: دریافت از واحدها (کاهش بدهی واحد — درآمد نیست)
A4: تاریخ | B4: واحد | C4: مبلغ (ریال) | D4: روش | E4: مرجع | F4: یادداشت
A5: 1405/07/25 | B5: 1-1 | C5: 3000000 | D5: کارت به کارت | E5: S-001
A6: 1405/07/26 | B6: 1-2 | C6: 2000000 | D6: نقد | E6: S-002
A7: 1405/07/26 | B7: 2-1 | C7: 9000000 | D7: واریز بانکی | E7: S-003
A8: 1405/07/27 | B8: 2-2 | C8: 4500000 | D8: کارت به کارت | E8: S-004
A9: 1405/07/27 | B9: 3-1 | C9: 10000000 | D9: واریز بانکی | E9: S-005
A10: 1405/07/28 | B10: 3-2 | C10: 4000000 | D10: نقد | E10: S-006
A11: 1405/07/29 | B11: 4-1 | C11: 5000000 | D11: کارت به کارت | E11: S-007
A12: 1405/07/30 | B12: 4-2 | C12: 4600000 | D12: واریز بانکی | E12: S-008

Sheet پرداخت‌ها
A1: پرداخت به تامین‌کنندگان (تسویه بدهی هزینه)
A2: پرداخت جزئی مجاز است؛ مانده در برگه هزینه‌ها دیده می‌شود.
A4: تاریخ | B4: شناسه هزینه | C4: مبلغ (ریال) | D4: تامین‌کننده | E4: مرجع
A5: 1405/07/06 | B5: E1 | C5: 9000000 | D5: =IF(B5="","",IFERROR(INDEX('هزینه‌ها'!$E$5:$E$16,MATCH(B5,'هزینه‌ها'!$A$5:$A$16,0))&"","شناسه نامعتبر")) | E5: SP-01
A6: 1405/07/06 | B6: E2 | C6: 4500000 | D6: =IF(B6="","",IFERROR(INDEX('هزینه‌ها'!$E$5:$E$16,MATCH(B6,'هزینه‌ها'!$A$5:$A$16,0))&"","شناسه نامعتبر")) | E6: SP-02
A7: 1405/07/14 | B7: E3 | C7: 6000000 | D7: =IF(B7="","",IFERROR(INDEX('هزینه‌ها'!$E$5:$E$16,MATCH(B7,'هزینه‌ها'!$A$5:$A$16,0))&"","شناسه نامعتبر")) | E7: SP-03
A8: 1405/07/29 | B8: E5 | C8: 1600000 | D8: =IF(B8="","",IFERROR(INDEX('هزینه‌ها'!$E$5:$E$16,MATCH(B8,'هزینه‌ها'!$A$5:$A$16,0))&"","شناسه نامعتبر")) | E8: SP-04
A9: 1405/07/16 | B9: E6 | C9: 6000000 | D9: =IF(B9="","",IFERROR(INDEX('هزینه‌ها'!$E$5:$E$16,MATCH(B9,'هزینه‌ها'!$A$5:$A$16,0))&"","شناسه نامعتبر")) | E9: SP-05
A10: 1405/07/21 | B10: E7 | C10: 2500000 | D10: =IF(B10="","",IFERROR(INDEX('هزینه‌ها'!$E$5:$E$16,MATCH(B10,'هزینه‌ها'!$A$5:$A$16,0))&"","شناسه نامعتبر")) | E10: SP-06
A11: 1405/07/22 | B11: E8 | C11: 3000000 | D11: =IF(B11="","",IFERROR(INDEX('هزینه‌ها'!$E$5:$E$16,MATCH(B11,'هزینه‌ها'!$A$5:$A$16,0))&"","شناسه نامعتبر")) | E11: SP-07
D12: =IF(B12="","",IFERROR(INDEX('هزینه‌ها'!$E$5:$E$16,MATCH(B12,'هزینه‌ها'!$A$5:$A$16,0))&"","شناسه نامعتبر"))
D13: =IF(B13="","",IFERROR(INDEX('هزینه‌ها'!$E$5:$E$16,MATCH(B13,'هزینه‌ها'!$A$5:$A$16,0))&"","شناسه نامعتبر"))
D14: =IF(B14="","",IFERROR(INDEX('هزینه‌ها'!$E$5:$E$16,MATCH(B14,'هزینه‌ها'!$A$5:$A$16,0))&"","شناسه نامعتبر"))
D15: =IF(B15="","",IFERROR(INDEX('هزینه‌ها'!$E$5:$E$16,MATCH(B15,'هزینه‌ها'!$A$5:$A$16,0))&"","شناسه نامعتبر"))
D16: =IF(B16="","",IFERROR(INDEX('هزینه‌ها'!$E$5:$E$16,MATCH(B16,'هزینه‌ها'!$A$5:$A$16,0))&"","شناسه نامعتبر"))
D17: =IF(B17="","",IFERROR(INDEX('هزینه‌ها'!$E$5:$E$16,MATCH(B17,'هزینه‌ها'!$A$5:$A$16,0))&"","شناسه نامعتبر"))
D18: =IF(B18="","",IFERROR(INDEX('هزینه‌ها'!$E$5:$E$16,MATCH(B18,'هزینه‌ها'!$A$5:$A$16,0))&"","شناسه نامعتبر"))
D19: =IF(B19="","",IFERROR(INDEX('هزینه‌ها'!$E$5:$E$16,MATCH(B19,'هزینه‌ها'!$A$5:$A$16,0))&"","شناسه نامعتبر"))
D20: =IF(B20="","",IFERROR(INDEX('هزینه‌ها'!$E$5:$E$16,MATCH(B20,'هزینه‌ها'!$A$5:$A$16,0))&"","شناسه نامعتبر"))
D21: =IF(B21="","",IFERROR(INDEX('هزینه‌ها'!$E$5:$E$16,MATCH(B21,'هزینه‌ها'!$A$5:$A$16,0))&"","شناسه نامعتبر"))
D22: =IF(B22="","",IFERROR(INDEX('هزینه‌ها'!$E$5:$E$16,MATCH(B22,'هزینه‌ها'!$A$5:$A$16,0))&"","شناسه نامعتبر"))
D23: =IF(B23="","",IFERROR(INDEX('هزینه‌ها'!$E$5:$E$16,MATCH(B23,'هزینه‌ها'!$A$5:$A$16,0))&"","شناسه نامعتبر"))
... D34: =IF(B34="","",IFERROR(INDEX('هزینه‌ها'!$E$5:$E$16,MATCH(B34,'هزینه‌ها'!$A$5:$A$16,0))&"","شناسه نامعتبر"))

Sheet تعدیل‌ها
A1: تعدیل‌ها و استرداد وجه
A2: ذکر دلیل الزامی است. استرداد وجه از صندوق نقد پرداخت و به بدهی واحد افزوده می‌شود.
A4: تاریخ | B4: واحد | C4: نوع | D4: مبلغ (ریال) | E4: صندوق | F4: دلیل (الزامی) | G4: دوره مرتبط
A5: 1405/07/30 | B5: 1-2 | C5: بستانکار (کاهش بدهی) | D5: 300000 | E5: عملیاتی | F5: اصلاح نمونه: کسر هزینه نظافت دوره قبل | G5: 1405-07
A6: 1405/07/30 | B6: 3-1 | C6: استرداد وجه | D6: 500000 | E6: عملیاتی | F6: استرداد بستانکاری افتتاحیه (نمونه) | G6: 1405-07

Sheet انتقال‌ها
A1: انتقال بین صندوق‌ها (هزینه یا درآمد نیست)
A4: تاریخ | B4: از صندوق | C4: به صندوق | D4: مبلغ (ریال) | E4: یادداشت
A5: 1405/07/30 | B5: عملیاتی | C5: اندوخته | D5: 5000000 | E5: انتقال نمونه به اندوخته

Sheet دفتر صندوق
A1: دفتر صندوق نقد ساختمان (تمام گردش‌های نقدی)
A2: فقط از برگه‌های مبدأ پر می‌شود؛ ویرایش نکنید. انتقال بین صندوق‌ها گردش نقدی ندارد.
A4: ردیف | B4: تاریخ | C4: نوع | D4: طرف حساب | E4: شرح / مرجع | F4: ورود (ریال) | G4: خروج (ریال) | H4: مانده
A5: 1 | C5: مانده افتتاحیه | F5: ='افتتاحیه'!B5 | G5: 0 | H5: =F5-G5
A6: =A5+1 | B6: =IF('دریافت‌ها'!C5="","",'دریافت‌ها'!A5) | C6: =IF('دریافت‌ها'!C5="","","دریافت از واحد") | D6: =IF('دریافت‌ها'!C5="","",'دریافت‌ها'!B5) | E6: =IF('دریافت‌ها'!C5="","",'دریافت‌ها'!E5&"") | F6: =N('دریافت‌ها'!C5) | G6: 0 | H6: =H5+F6-G6
A7: =A6+1 | B7: =IF('دریافت‌ها'!C6="","",'دریافت‌ها'!A6) | C7: =IF('دریافت‌ها'!C6="","","دریافت از واحد") | D7: =IF('دریافت‌ها'!C6="","",'دریافت‌ها'!B6) | E7: =IF('دریافت‌ها'!C6="","",'دریافت‌ها'!E6&"") | F7: =N('دریافت‌ها'!C6) | G7: 0 | H7: =H6+F7-G7
A8: =A7+1 | B8: =IF('دریافت‌ها'!C7="","",'دریافت‌ها'!A7) | C8: =IF('دریافت‌ها'!C7="","","دریافت از واحد") | D8: =IF('دریافت‌ها'!C7="","",'دریافت‌ها'!B7) | E8: =IF('دریافت‌ها'!C7="","",'دریافت‌ها'!E7&"") | F8: =N('دریافت‌ها'!C7) | G8: 0 | H8: =H7+F8-G8
A9: =A8+1 | B9: =IF('دریافت‌ها'!C8="","",'دریافت‌ها'!A8) | C9: =IF('دریافت‌ها'!C8="","","دریافت از واحد") | D9: =IF('دریافت‌ها'!C8="","",'دریافت‌ها'!B8) | E9: =IF('دریافت‌ها'!C8="","",'دریافت‌ها'!E8&"") | F9: =N('دریافت‌ها'!C8) | G9: 0 | H9: =H8+F9-G9
A10: =A9+1 | B10: =IF('دریافت‌ها'!C9="","",'دریافت‌ها'!A9) | C10: =IF('دریافت‌ها'!C9="","","دریافت از واحد") | D10: =IF('دریافت‌ها'!C9="","",'دریافت‌ها'!B9) | E10: =IF('دریافت‌ها'!C9="","",'دریافت‌ها'!E9&"") | F10: =N('دریافت‌ها'!C9) | G10: 0 | H10: =H9+F10-G10
A11: =A10+1 | B11: =IF('دریافت‌ها'!C10="","",'دریافت‌ها'!A10) | C11: =IF('دریافت‌ها'!C10="","","دریافت از واحد") | D11: =IF('دریافت‌ها'!C10="","",'دریافت‌ها'!B10) | E11: =IF('دریافت‌ها'!C10="","",'دریافت‌ها'!E10&"") | F11: =N('دریافت‌ها'!C10) | G11: 0 | H11: =H10+F11-G11
A12: =A11+1 | B12: =IF('دریافت‌ها'!C11="","",'دریافت‌ها'!A11) | C12: =IF('دریافت‌ها'!C11="","","دریافت از واحد") | D12: =IF('دریافت‌ها'!C11="","",'دریافت‌ها'!B11) | E12: =IF('دریافت‌ها'!C11="","",'دریافت‌ها'!E11&"") | F12: =N('دریافت‌ها'!C11) | G12: 0 | H12: =H11+F12-G12
A13: =A12+1 | B13: =IF('دریافت‌ها'!C12="","",'دریافت‌ها'!A12) | C13: =IF('دریافت‌ها'!C12="","","دریافت از واحد") | D13: =IF('دریافت‌ها'!C12="","",'دریافت‌ها'!B12) | E13: =IF('دریافت‌ها'!C12="","",'دریافت‌ها'!E12&"") | F13: =N('دریافت‌ها'!C12) | G13: 0 | H13: =H12+F13-G13
A14: =A13+1 | B14: =IF('دریافت‌ها'!C13="","",'دریافت‌ها'!A13) | C14: =IF('دریافت‌ها'!C13="","","دریافت از واحد") | D14: =IF('دریافت‌ها'!C13="","",'دریافت‌ها'!B13) | E14: =IF('دریافت‌ها'!C13="","",'دریافت‌ها'!E13&"") | F14: =N('دریافت‌ها'!C13) | G14: 0 | H14: =H13+F14-G14
A15: =A14+1 | B15: =IF('دریافت‌ها'!C14="","",'دریافت‌ها'!A14) | C15: =IF('دریافت‌ها'!C14="","","دریافت از واحد") | D15: =IF('دریافت‌ها'!C14="","",'دریافت‌ها'!B14) | E15: =IF('دریافت‌ها'!C14="","",'دریافت‌ها'!E14&"") | F15: =N('دریافت‌ها'!C14) | G15: 0 | H15: =H14+F15-G15
A16: =A15+1 | B16: =IF('دریافت‌ها'!C15="","",'دریافت‌ها'!A15) | C16: =IF('دریافت‌ها'!C15="","","دریافت از واحد") | D16: =IF('دریافت‌ها'!C15="","",'دریافت‌ها'!B15) | E16: =IF('دریافت‌ها'!C15="","",'دریافت‌ها'!E15&"") | F16: =N('دریافت‌ها'!C15) | G16: 0 | H16: =H15+F16-G16
A17: =A16+1 | B17: =IF('دریافت‌ها'!C16="","",'دریافت‌ها'!A16) | C17: =IF('دریافت‌ها'!C16="","","دریافت از واحد") | D17: =IF('دریافت‌ها'!C16="","",'دریافت‌ها'!B16) | E17: =IF('دریافت‌ها'!C16="","",'دریافت‌ها'!E16&"") | F17: =N('دریافت‌ها'!C16) | G17: 0 | H17: =H16+F17-G17
... A35: =A34+1 | B35: =IF('دریافت‌ها'!C34="","",'دریافت‌ها'!A34) | C35: =IF('دریافت‌ها'!C34="","","دریافت از واحد") | D35: =IF('دریافت‌ها'!C34="","",'دریافت‌ها'!B34) | E35: =IF('دریافت‌ها'!C34="","",'دریافت‌ها'!E34&"") | F35: =N('دریافت‌ها'!C34) | G35: 0 | H35: =H34+F35-G35
A36: =A35+1 | B36: =IF('پرداخت‌ها'!C5="","",'پرداخت‌ها'!A5) | C36: =IF('پرداخت‌ها'!C5="","","پرداخت به تامین‌کننده") | D36: =IF('پرداخت‌ها'!C5="","",'پرداخت‌ها'!D5) | E36: =IF('پرداخت‌ها'!C5="","",'پرداخت‌ها'!B5&" / "&'پرداخت‌ها'!E5) | F36: 0 | G36: =N('پرداخت‌ها'!C5) | H36: =H35+F36-G36
A37: =A36+1 | B37: =IF('پرداخت‌ها'!C6="","",'پرداخت‌ها'!A6) | C37: =IF('پرداخت‌ها'!C6="","","پرداخت به تامین‌کننده") | D37: =IF('پرداخت‌ها'!C6="","",'پرداخت‌ها'!D6) | E37: =IF('پرداخت‌ها'!C6="","",'پرداخت‌ها'!B6&" / "&'پرداخت‌ها'!E6) | F37: 0 | G37: =N('پرداخت‌ها'!C6) | H37: =H36+F37-G37
A38: =A37+1 | B38: =IF('پرداخت‌ها'!C7="","",'پرداخت‌ها'!A7) | C38: =IF('پرداخت‌ها'!C7="","","پرداخت به تامین‌کننده") | D38: =IF('پرداخت‌ها'!C7="","",'پرداخت‌ها'!D7) | E38: =IF('پرداخت‌ها'!C7="","",'پرداخت‌ها'!B7&" / "&'پرداخت‌ها'!E7) | F38: 0 | G38: =N('پرداخت‌ها'!C7) | H38: =H37+F38-G38
A39: =A38+1 | B39: =IF('پرداخت‌ها'!C8="","",'پرداخت‌ها'!A8) | C39: =IF('پرداخت‌ها'!C8="","","پرداخت به تامین‌کننده") | D39: =IF('پرداخت‌ها'!C8="","",'پرداخت‌ها'!D8) | E39: =IF('پرداخت‌ها'!C8="","",'پرداخت‌ها'!B8&" / "&'پرداخت‌ها'!E8) | F39: 0 | G39: =N('پرداخت‌ها'!C8) | H39: =H38+F39-G39
A40: =A39+1 | B40: =IF('پرداخت‌ها'!C9="","",'پرداخت‌ها'!A9) | C40: =IF('پرداخت‌ها'!C9="","","پرداخت به تامین‌کننده") | D40: =IF('پرداخت‌ها'!C9="","",'پرداخت‌ها'!D9) | E40: =IF('پرداخت‌ها'!C9="","",'پرداخت‌ها'!B9&" / "&'پرداخت‌ها'!E9) | F40: 0 | G40: =N('پرداخت‌ها'!C9) | H40: =H39+F40-G40
A41: =A40+1 | B41: =IF('پرداخت‌ها'!C10="","",'پرداخت‌ها'!A10) | C41: =IF('پرداخت‌ها'!C10="","","پرداخت به تامین‌کننده") | D41: =IF('پرداخت‌ها'!C10="","",'پرداخت‌ها'!D10) | E41: =IF('پرداخت‌ها'!C10="","",'پرداخت‌ها'!B10&" / "&'پرداخت‌ها'!E10) | F41: 0 | G41: =N('پرداخت‌ها'!C10) | H41: =H40+F41-G41
A42: =A41+1 | B42: =IF('پرداخت‌ها'!C11="","",'پرداخت‌ها'!A11) | C42: =IF('پرداخت‌ها'!C11="","","پرداخت به تامین‌کننده") | D42: =IF('پرداخت‌ها'!C11="","",'پرداخت‌ها'!D11) | E42: =IF('پرداخت‌ها'!C11="","",'پرداخت‌ها'!B11&" / "&'پرداخت‌ها'!E11) | F42: 0 | G42: =N('پرداخت‌ها'!C11) | H42: =H41+F42-G42
A43: =A42+1 | B43: =IF('پرداخت‌ها'!C12="","",'پرداخت‌ها'!A12) | C43: =IF('پرداخت‌ها'!C12="","","پرداخت به تامین‌کننده") | D43: =IF('پرداخت‌ها'!C12="","",'پرداخت‌ها'!D12) | E43: =IF('پرداخت‌ها'!C12="","",'پرداخت‌ها'!B12&" / "&'پرداخت‌ها'!E12) | F43: 0 | G43: =N('پرداخت‌ها'!C12) | H43: =H42+F43-G43
A44: =A43+1 | B44: =IF('پرداخت‌ها'!C13="","",'پرداخت‌ها'!A13) | C44: =IF('پرداخت‌ها'!C13="","","پرداخت به تامین‌کننده") | D44: =IF('پرداخت‌ها'!C13="","",'پرداخت‌ها'!D13) | E44: =IF('پرداخت‌ها'!C13="","",'پرداخت‌ها'!B13&" / "&'پرداخت‌ها'!E13) | F44: 0 | G44: =N('پرداخت‌ها'!C13) | H44: =H43+F44-G44
A45: =A44+1 | B45: =IF('پرداخت‌ها'!C14="","",'پرداخت‌ها'!A14) | C45: =IF('پرداخت‌ها'!C14="","","پرداخت به تامین‌کننده") | D45: =IF('پرداخت‌ها'!C14="","",'پرداخت‌ها'!D14) | E45: =IF('پرداخت‌ها'!C14="","",'پرداخت‌ها'!B14&" / "&'پرداخت‌ها'!E14) | F45: 0 | G45: =N('پرداخت‌ها'!C14) | H45: =H44+F45-G45
A46: =A45+1 | B46: =IF('پرداخت‌ها'!C15="","",'پرداخت‌ها'!A15) | C46: =IF('پرداخت‌ها'!C15="","","پرداخت به تامین‌کننده") | D46: =IF('پرداخت‌ها'!C15="","",'پرداخت‌ها'!D15) | E46: =IF('پرداخت‌ها'!C15="","",'پرداخت‌ها'!B15&" / "&'پرداخت‌ها'!E15) | F46: 0 | G46: =N('پرداخت‌ها'!C15) | H46: =H45+F46-G46
A47: =A46+1 | B47: =IF('پرداخت‌ها'!C16="","",'پرداخت‌ها'!A16) | C47: =IF('پرداخت‌ها'!C16="","","پرداخت به تامین‌کننده") | D47: =IF('پرداخت‌ها'!C16="","",'پرداخت‌ها'!D16) | E47: =IF('پرداخت‌ها'!C16="","",'پرداخت‌ها'!B16&" / "&'پرداخت‌ها'!E16) | F47: 0 | G47: =N('پرداخت‌ها'!C16) | H47: =H46+F47-G47
... A65: =A64+1 | B65: =IF('پرداخت‌ها'!C34="","",'پرداخت‌ها'!A34) | C65: =IF('پرداخت‌ها'!C34="","","پرداخت به تامین‌کننده") | D65: =IF('پرداخت‌ها'!C34="","",'پرداخت‌ها'!D34) | E65: =IF('پرداخت‌ها'!C34="","",'پرداخت‌ها'!B34&" / "&'پرداخت‌ها'!E34) | F65: 0 | G65: =N('پرداخت‌ها'!C34) | H65: =H64+F65-G65
A66: =A65+1 | B66: =IF('تعدیل‌ها'!C5="استرداد وجه",'تعدیل‌ها'!A5,"") | C66: =IF('تعدیل‌ها'!C5="استرداد وجه","استرداد وجه به واحد","") | D66: =IF('تعدیل‌ها'!C5="استرداد وجه",'تعدیل‌ها'!B5,"") | E66: =IF('تعدیل‌ها'!C5="استرداد وجه",'تعدیل‌ها'!F5,"") | F66: 0 | G66: =IF('تعدیل‌ها'!C5="استرداد وجه",N('تعدیل‌ها'!D5),0) | H66: =H65+F66-G66
A67: =A66+1 | B67: =IF('تعدیل‌ها'!C6="استرداد وجه",'تعدیل‌ها'!A6,"") | C67: =IF('تعدیل‌ها'!C6="استرداد وجه","استرداد وجه به واحد","") | D67: =IF('تعدیل‌ها'!C6="استرداد وجه",'تعدیل‌ها'!B6,"") | E67: =IF('تعدیل‌ها'!C6="استرداد وجه",'تعدیل‌ها'!F6,"") | F67: 0 | G67: =IF('تعدیل‌ها'!C6="استرداد وجه",N('تعدیل‌ها'!D6),0) | H67: =H66+F67-G67
A68: =A67+1 | B68: =IF('تعدیل‌ها'!C7="استرداد وجه",'تعدیل‌ها'!A7,"") | C68: =IF('تعدیل‌ها'!C7="استرداد وجه","استرداد وجه به واحد","") | D68: =IF('تعدیل‌ها'!C7="استرداد وجه",'تعدیل‌ها'!B7,"") | E68: =IF('تعدیل‌ها'!C7="استرداد وجه",'تعدیل‌ها'!F7,"") | F68: 0 | G68: =IF('تعدیل‌ها'!C7="استرداد وجه",N('تعدیل‌ها'!D7),0) | H68: =H67+F68-G68
A69: =A68+1 | B69: =IF('تعدیل‌ها'!C8="استرداد وجه",'تعدیل‌ها'!A8,"") | C69: =IF('تعدیل‌ها'!C8="استرداد وجه","استرداد وجه به واحد","") | D69: =IF('تعدیل‌ها'!C8="استرداد وجه",'تعدیل‌ها'!B8,"") | E69: =IF('تعدیل‌ها'!C8="استرداد وجه",'تعدیل‌ها'!F8,"") | F69: 0 | G69: =IF('تعدیل‌ها'!C8="استرداد وجه",N('تعدیل‌ها'!D8),0) | H69: =H68+F69-G69
A70: =A69+1 | B70: =IF('تعدیل‌ها'!C9="استرداد وجه",'تعدیل‌ها'!A9,"") | C70: =IF('تعدیل‌ها'!C9="استرداد وجه","استرداد وجه به واحد","") | D70: =IF('تعدیل‌ها'!C9="استرداد وجه",'تعدیل‌ها'!B9,"") | E70: =IF('تعدیل‌ها'!C9="استرداد وجه",'تعدیل‌ها'!F9,"") | F70: 0 | G70: =IF('تعدیل‌ها'!C9="استرداد وجه",N('تعدیل‌ها'!D9),0) | H70: =H69+F70-G70
A71: =A70+1 | B71: =IF('تعدیل‌ها'!C10="استرداد وجه",'تعدیل‌ها'!A10,"") | C71: =IF('تعدیل‌ها'!C10="استرداد وجه","استرداد وجه به واحد","") | D71: =IF('تعدیل‌ها'!C10="استرداد وجه",'تعدیل‌ها'!B10,"") | E71: =IF('تعدیل‌ها'!C10="استرداد وجه",'تعدیل‌ها'!F10,"") | F71: 0 | G71: =IF('تعدیل‌ها'!C10="استرداد وجه",N('تعدیل‌ها'!D10),0) | H71: =H70+F71-G71
A72: =A71+1 | B72: =IF('تعدیل‌ها'!C11="استرداد وجه",'تعدیل‌ها'!A11,"") | C72: =IF('تعدیل‌ها'!C11="استرداد وجه","استرداد وجه به واحد","") | D72: =IF('تعدیل‌ها'!C11="استرداد وجه",'تعدیل‌ها'!B11,"") | E72: =IF('تعدیل‌ها'!C11="استرداد وجه",'تعدیل‌ها'!F11,"") | F72: 0 | G72: =IF('تعدیل‌ها'!C11="استرداد وجه",N('تعدیل‌ها'!D11),0) | H72: =H71+F72-G72
A73: =A72+1 | B73: =IF('تعدیل‌ها'!C12="استرداد وجه",'تعدیل‌ها'!A12,"") | C73: =IF('تعدیل‌ها'!C12="استرداد وجه","استرداد وجه به واحد","") | D73: =IF('تعدیل‌ها'!C12="استرداد وجه",'تعدیل‌ها'!B12,"") | E73: =IF('تعدیل‌ها'!C12="استرداد وجه",'تعدیل‌ها'!F12,"") | F73: 0 | G73: =IF('تعدیل‌ها'!C12="استرداد وجه",N('تعدیل‌ها'!D12),0) | H73: =H72+F73-G73
A74: =A73+1 | B74: =IF('تعدیل‌ها'!C13="استرداد وجه",'تعدیل‌ها'!A13,"") | C74: =IF('تعدیل‌ها'!C13="استرداد وجه","استرداد وجه به واحد","") | D74: =IF('تعدیل‌ها'!C13="استرداد وجه",'تعدیل‌ها'!B13,"") | E74: =IF('تعدیل‌ها'!C13="استرداد وجه",'تعدیل‌ها'!F13,"") | F74: 0 | G74: =IF('تعدیل‌ها'!C13="استرداد وجه",N('تعدیل‌ها'!D13),0) | H74: =H73+F74-G74
A75: =A74+1 | B75: =IF('تعدیل‌ها'!C14="استرداد وجه",'تعدیل‌ها'!A14,"") | C75: =IF('تعدیل‌ها'!C14="استرداد وجه","استرداد وجه به واحد","") | D75: =IF('تعدیل‌ها'!C14="استرداد وجه",'تعدیل‌ها'!B14,"") | E75: =IF('تعدیل‌ها'!C14="استرداد وجه",'تعدیل‌ها'!F14,"") | F75: 0 | G75: =IF('تعدیل‌ها'!C14="استرداد وجه",N('تعدیل‌ها'!D14),0) | H75: =H74+F75-G75
A76: =A75+1 | B76: =IF('تعدیل‌ها'!C15="استرداد وجه",'تعدیل‌ها'!A15,"") | C76: =IF('تعدیل‌ها'!C15="استرداد وجه","استرداد وجه به واحد","") | D76: =IF('تعدیل‌ها'!C15="استرداد وجه",'تعدیل‌ها'!B15,"") | E76: =IF('تعدیل‌ها'!C15="استرداد وجه",'تعدیل‌ها'!F15,"") | F76: 0 | G76: =IF('تعدیل‌ها'!C15="استرداد وجه",N('تعدیل‌ها'!D15),0) | H76: =H75+F76-G76
A77: =A76+1 | B77: =IF('تعدیل‌ها'!C16="استرداد وجه",'تعدیل‌ها'!A16,"") | C77: =IF('تعدیل‌ها'!C16="استرداد وجه","استرداد وجه به واحد","") | D77: =IF('تعدیل‌ها'!C16="استرداد وجه",'تعدیل‌ها'!B16,"") | E77: =IF('تعدیل‌ها'!C16="استرداد وجه",'تعدیل‌ها'!F16,"") | F77: 0 | G77: =IF('تعدیل‌ها'!C16="استرداد وجه",N('تعدیل‌ها'!D16),0) | H77: =H76+F77-G77
... A85: =A84+1 | B85: =IF('تعدیل‌ها'!C24="استرداد وجه",'تعدیل‌ها'!A24,"") | C85: =IF('تعدیل‌ها'!C24="استرداد وجه","استرداد وجه به واحد","") | D85: =IF('تعدیل‌ها'!C24="استرداد وجه",'تعدیل‌ها'!B24,"") | E85: =IF('تعدیل‌ها'!C24="استرداد وجه",'تعدیل‌ها'!F24,"") | F85: 0 | G85: =IF('تعدیل‌ها'!C24="استرداد وجه",N('تعدیل‌ها'!D24),0) | H85: =H84+F85-G85
E86: جمع / مانده پایانی | F86: =SUM(F5:F85) | G86: =SUM(G5:G85) | H86: =F86-G86

Sheet مانده واحدها
A1: مانده حساب واحدها
A2: مثبت = بدهکار (واحد بدهی دارد) ؛ منفی = بستانکار (اعتبار واحد).
A4: واحد | B4: مانده افتتاحیه | C4: شارژ عملیاتی (بدون آب) | D4: شارژ آب | E4: شارژ اندوخته | F4: تعدیل بدهکار | G4: تعدیل بستانکار | H4: دریافتی | I4: استرداد | J4: مانده پایانی | K4: وضعیت
A5: ='واحدها'!A5 | B5: ='افتتاحیه'!B11 | C5: =SUMIFS('محاسبه تسهیم'!$Q$5:$Q$265,'محاسبه تسهیم'!$C$5:$C$265,A5,'محاسبه تسهیم'!$R$5:$R$265,"عملیاتی")-D5 | D5: =SUMIFS('محاسبه تسهیم'!$Q$5:$Q$265,'محاسبه تسهیم'!$C$5:$C$265,A5,'محاسبه تسهیم'!$R$5:$R$265,"عملیاتی",'محاسبه تسهیم'!$T$5:$T$265,"بله") | E5: =SUMIFS('محاسبه تسهیم'!$Q$5:$Q$265,'محاسبه تسهیم'!$C$5:$C$265,A5,'محاسبه تسهیم'!$R$5:$R$265,"اندوخته") | F5: =SUMIFS('تعدیل‌ها'!$D$5:$D$24,'تعدیل‌ها'!$B$5:$B$24,A5,'تعدیل‌ها'!$C$5:$C$24,"بدهکار (افزایش بدهی)") | G5: =SUMIFS('تعدیل‌ها'!$D$5:$D$24,'تعدیل‌ها'!$B$5:$B$24,A5,'تعدیل‌ها'!$C$5:$C$24,"بستانکار (کاهش بدهی)") | H5: =SUMIFS('دریافت‌ها'!$C$5:$C$34,'دریافت‌ها'!$B$5:$B$34,A5) | I5: =SUMIFS('تعدیل‌ها'!$D$5:$D$24,'تعدیل‌ها'!$B$5:$B$24,A5,'تعدیل‌ها'!$C$5:$C$24,"استرداد وجه") | J5: =B5+C5+D5+E5+F5-G5-H5+I5 | K5: =IF(J5>0,"بدهکار",IF(J5<0,"بستانکار","تسویه"))
A6: ='واحدها'!A6 | B6: ='افتتاحیه'!B12 | C6: =SUMIFS('محاسبه تسهیم'!$Q$5:$Q$265,'محاسبه تسهیم'!$C$5:$C$265,A6,'محاسبه تسهیم'!$R$5:$R$265,"عملیاتی")-D6 | D6: =SUMIFS('محاسبه تسهیم'!$Q$5:$Q$265,'محاسبه تسهیم'!$C$5:$C$265,A6,'محاسبه تسهیم'!$R$5:$R$265,"عملیاتی",'محاسبه تسهیم'!$T$5:$T$265,"بله") | E6: =SUMIFS('محاسبه تسهیم'!$Q$5:$Q$265,'محاسبه تسهیم'!$C$5:$C$265,A6,'محاسبه تسهیم'!$R$5:$R$265,"اندوخته") | F6: =SUMIFS('تعدیل‌ها'!$D$5:$D$24,'تعدیل‌ها'!$B$5:$B$24,A6,'تعدیل‌ها'!$C$5:$C$24,"بدهکار (افزایش بدهی)") | G6: =SUMIFS('تعدیل‌ها'!$D$5:$D$24,'تعدیل‌ها'!$B$5:$B$24,A6,'تعدیل‌ها'!$C$5:$C$24,"بستانکار (کاهش بدهی)") | H6: =SUMIFS('دریافت‌ها'!$C$5:$C$34,'دریافت‌ها'!$B$5:$B$34,A6) | I6: =SUMIFS('تعدیل‌ها'!$D$5:$D$24,'تعدیل‌ها'!$B$5:$B$24,A6,'تعدیل‌ها'!$C$5:$C$24,"استرداد وجه") | J6: =B6+C6+D6+E6+F6-G6-H6+I6 | K6: =IF(J6>0,"بدهکار",IF(J6<0,"بستانکار","تسویه"))
A7: ='واحدها'!A7 | B7: ='افتتاحیه'!B13 | C7: =SUMIFS('محاسبه تسهیم'!$Q$5:$Q$265,'محاسبه تسهیم'!$C$5:$C$265,A7,'محاسبه تسهیم'!$R$5:$R$265,"عملیاتی")-D7 | D7: =SUMIFS('محاسبه تسهیم'!$Q$5:$Q$265,'محاسبه تسهیم'!$C$5:$C$265,A7,'محاسبه تسهیم'!$R$5:$R$265,"عملیاتی",'محاسبه تسهیم'!$T$5:$T$265,"بله") | E7: =SUMIFS('محاسبه تسهیم'!$Q$5:$Q$265,'محاسبه تسهیم'!$C$5:$C$265,A7,'محاسبه تسهیم'!$R$5:$R$265,"اندوخته") | F7: =SUMIFS('تعدیل‌ها'!$D$5:$D$24,'تعدیل‌ها'!$B$5:$B$24,A7,'تعدیل‌ها'!$C$5:$C$24,"بدهکار (افزایش بدهی)") | G7: =SUMIFS('تعدیل‌ها'!$D$5:$D$24,'تعدیل‌ها'!$B$5:$B$24,A7,'تعدیل‌ها'!$C$5:$C$24,"بستانکار (کاهش بدهی)") | H7: =SUMIFS('دریافت‌ها'!$C$5:$C$34,'دریافت‌ها'!$B$5:$B$34,A7) | I7: =SUMIFS('تعدیل‌ها'!$D$5:$D$24,'تعدیل‌ها'!$B$5:$B$24,A7,'تعدیل‌ها'!$C$5:$C$24,"استرداد وجه") | J7: =B7+C7+D7+E7+F7-G7-H7+I7 | K7: =IF(J7>0,"بدهکار",IF(J7<0,"بستانکار","تسویه"))
A8: ='واحدها'!A8 | B8: ='افتتاحیه'!B14 | C8: =SUMIFS('محاسبه تسهیم'!$Q$5:$Q$265,'محاسبه تسهیم'!$C$5:$C$265,A8,'محاسبه تسهیم'!$R$5:$R$265,"عملیاتی")-D8 | D8: =SUMIFS('محاسبه تسهیم'!$Q$5:$Q$265,'محاسبه تسهیم'!$C$5:$C$265,A8,'محاسبه تسهیم'!$R$5:$R$265,"عملیاتی",'محاسبه تسهیم'!$T$5:$T$265,"بله") | E8: =SUMIFS('محاسبه تسهیم'!$Q$5:$Q$265,'محاسبه تسهیم'!$C$5:$C$265,A8,'محاسبه تسهیم'!$R$5:$R$265,"اندوخته") | F8: =SUMIFS('تعدیل‌ها'!$D$5:$D$24,'تعدیل‌ها'!$B$5:$B$24,A8,'تعدیل‌ها'!$C$5:$C$24,"بدهکار (افزایش بدهی)") | G8: =SUMIFS('تعدیل‌ها'!$D$5:$D$24,'تعدیل‌ها'!$B$5:$B$24,A8,'تعدیل‌ها'!$C$5:$C$24,"بستانکار (کاهش بدهی)") | H8: =SUMIFS('دریافت‌ها'!$C$5:$C$34,'دریافت‌ها'!$B$5:$B$34,A8) | I8: =SUMIFS('تعدیل‌ها'!$D$5:$D$24,'تعدیل‌ها'!$B$5:$B$24,A8,'تعدیل‌ها'!$C$5:$C$24,"استرداد وجه") | J8: =B8+C8+D8+E8+F8-G8-H8+I8 | K8: =IF(J8>0,"بدهکار",IF(J8<0,"بستانکار","تسویه"))
A9: ='واحدها'!A9 | B9: ='افتتاحیه'!B15 | C9: =SUMIFS('محاسبه تسهیم'!$Q$5:$Q$265,'محاسبه تسهیم'!$C$5:$C$265,A9,'محاسبه تسهیم'!$R$5:$R$265,"عملیاتی")-D9 | D9: =SUMIFS('محاسبه تسهیم'!$Q$5:$Q$265,'محاسبه تسهیم'!$C$5:$C$265,A9,'محاسبه تسهیم'!$R$5:$R$265,"عملیاتی",'محاسبه تسهیم'!$T$5:$T$265,"بله") | E9: =SUMIFS('محاسبه تسهیم'!$Q$5:$Q$265,'محاسبه تسهیم'!$C$5:$C$265,A9,'محاسبه تسهیم'!$R$5:$R$265,"اندوخته") | F9: =SUMIFS('تعدیل‌ها'!$D$5:$D$24,'تعدیل‌ها'!$B$5:$B$24,A9,'تعدیل‌ها'!$C$5:$C$24,"بدهکار (افزایش بدهی)") | G9: =SUMIFS('تعدیل‌ها'!$D$5:$D$24,'تعدیل‌ها'!$B$5:$B$24,A9,'تعدیل‌ها'!$C$5:$C$24,"بستانکار (کاهش بدهی)") | H9: =SUMIFS('دریافت‌ها'!$C$5:$C$34,'دریافت‌ها'!$B$5:$B$34,A9) | I9: =SUMIFS('تعدیل‌ها'!$D$5:$D$24,'تعدیل‌ها'!$B$5:$B$24,A9,'تعدیل‌ها'!$C$5:$C$24,"استرداد وجه") | J9: =B9+C9+D9+E9+F9-G9-H9+I9 | K9: =IF(J9>0,"بدهکار",IF(J9<0,"بستانکار","تسویه"))
A10: ='واحدها'!A10 | B10: ='افتتاحیه'!B16 | C10: =SUMIFS('محاسبه تسهیم'!$Q$5:$Q$265,'محاسبه تسهیم'!$C$5:$C$265,A10,'محاسبه تسهیم'!$R$5:$R$265,"عملیاتی")-D10 | D10: =SUMIFS('محاسبه تسهیم'!$Q$5:$Q$265,'محاسبه تسهیم'!$C$5:$C$265,A10,'محاسبه تسهیم'!$R$5:$R$265,"عملیاتی",'محاسبه تسهیم'!$T$5:$T$265,"بله") | E10: =SUMIFS('محاسبه تسهیم'!$Q$5:$Q$265,'محاسبه تسهیم'!$C$5:$C$265,A10,'محاسبه تسهیم'!$R$5:$R$265,"اندوخته") | F10: =SUMIFS('تعدیل‌ها'!$D$5:$D$24,'تعدیل‌ها'!$B$5:$B$24,A10,'تعدیل‌ها'!$C$5:$C$24,"بدهکار (افزایش بدهی)") | G10: =SUMIFS('تعدیل‌ها'!$D$5:$D$24,'تعدیل‌ها'!$B$5:$B$24,A10,'تعدیل‌ها'!$C$5:$C$24,"بستانکار (کاهش بدهی)") | H10: =SUMIFS('دریافت‌ها'!$C$5:$C$34,'دریافت‌ها'!$B$5:$B$34,A10) | I10: =SUMIFS('تعدیل‌ها'!$D$5:$D$24,'تعدیل‌ها'!$B$5:$B$24,A10,'تعدیل‌ها'!$C$5:$C$24,"استرداد وجه") | J10: =B10+C10+D10+E10+F10-G10-H10+I10 | K10: =IF(J10>0,"بدهکار",IF(J10<0,"بستانکار","تسویه"))
A11: ='واحدها'!A11 | B11: ='افتتاحیه'!B17 | C11: =SUMIFS('محاسبه تسهیم'!$Q$5:$Q$265,'محاسبه تسهیم'!$C$5:$C$265,A11,'محاسبه تسهیم'!$R$5:$R$265,"عملیاتی")-D11 | D11: =SUMIFS('محاسبه تسهیم'!$Q$5:$Q$265,'محاسبه تسهیم'!$C$5:$C$265,A11,'محاسبه تسهیم'!$R$5:$R$265,"عملیاتی",'محاسبه تسهیم'!$T$5:$T$265,"بله") | E11: =SUMIFS('محاسبه تسهیم'!$Q$5:$Q$265,'محاسبه تسهیم'!$C$5:$C$265,A11,'محاسبه تسهیم'!$R$5:$R$265,"اندوخته") | F11: =SUMIFS('تعدیل‌ها'!$D$5:$D$24,'تعدیل‌ها'!$B$5:$B$24,A11,'تعدیل‌ها'!$C$5:$C$24,"بدهکار (افزایش بدهی)") | G11: =SUMIFS('تعدیل‌ها'!$D$5:$D$24,'تعدیل‌ها'!$B$5:$B$24,A11,'تعدیل‌ها'!$C$5:$C$24,"بستانکار (کاهش بدهی)") | H11: =SUMIFS('دریافت‌ها'!$C$5:$C$34,'دریافت‌ها'!$B$5:$B$34,A11) | I11: =SUMIFS('تعدیل‌ها'!$D$5:$D$24,'تعدیل‌ها'!$B$5:$B$24,A11,'تعدیل‌ها'!$C$5:$C$24,"استرداد وجه") | J11: =B11+C11+D11+E11+F11-G11-H11+I11 | K11: =IF(J11>0,"بدهکار",IF(J11<0,"بستانکار","تسویه"))
A12: ='واحدها'!A12 | B12: ='افتتاحیه'!B18 | C12: =SUMIFS('محاسبه تسهیم'!$Q$5:$Q$265,'محاسبه تسهیم'!$C$5:$C$265,A12,'محاسبه تسهیم'!$R$5:$R$265,"عملیاتی")-D12 | D12: =SUMIFS('محاسبه تسهیم'!$Q$5:$Q$265,'محاسبه تسهیم'!$C$5:$C$265,A12,'محاسبه تسهیم'!$R$5:$R$265,"عملیاتی",'محاسبه تسهیم'!$T$5:$T$265,"بله") | E12: =SUMIFS('محاسبه تسهیم'!$Q$5:$Q$265,'محاسبه تسهیم'!$C$5:$C$265,A12,'محاسبه تسهیم'!$R$5:$R$265,"اندوخته") | F12: =SUMIFS('تعدیل‌ها'!$D$5:$D$24,'تعدیل‌ها'!$B$5:$B$24,A12,'تعدیل‌ها'!$C$5:$C$24,"بدهکار (افزایش بدهی)") | G12: =SUMIFS('تعدیل‌ها'!$D$5:$D$24,'تعدیل‌ها'!$B$5:$B$24,A12,'تعدیل‌ها'!$C$5:$C$24,"بستانکار (کاهش بدهی)") | H12: =SUMIFS('دریافت‌ها'!$C$5:$C$34,'دریافت‌ها'!$B$5:$B$34,A12) | I12: =SUMIFS('تعدیل‌ها'!$D$5:$D$24,'تعدیل‌ها'!$B$5:$B$24,A12,'تعدیل‌ها'!$C$5:$C$24,"استرداد وجه") | J12: =B12+C12+D12+E12+F12-G12-H12+I12 | K12: =IF(J12>0,"بدهکار",IF(J12<0,"بستانکار","تسویه"))
A13: ='واحدها'!A13 | B13: ='افتتاحیه'!B19 | C13: =SUMIFS('محاسبه تسهیم'!$Q$5:$Q$265,'محاسبه تسهیم'!$C$5:$C$265,A13,'محاسبه تسهیم'!$R$5:$R$265,"عملیاتی")-D13 | D13: =SUMIFS('محاسبه تسهیم'!$Q$5:$Q$265,'محاسبه تسهیم'!$C$5:$C$265,A13,'محاسبه تسهیم'!$R$5:$R$265,"عملیاتی",'محاسبه تسهیم'!$T$5:$T$265,"بله") | E13: =SUMIFS('محاسبه تسهیم'!$Q$5:$Q$265,'محاسبه تسهیم'!$C$5:$C$265,A13,'محاسبه تسهیم'!$R$5:$R$265,"اندوخته") | F13: =SUMIFS('تعدیل‌ها'!$D$5:$D$24,'تعدیل‌ها'!$B$5:$B$24,A13,'تعدیل‌ها'!$C$5:$C$24,"بدهکار (افزایش بدهی)") | G13: =SUMIFS('تعدیل‌ها'!$D$5:$D$24,'تعدیل‌ها'!$B$5:$B$24,A13,'تعدیل‌ها'!$C$5:$C$24,"بستانکار (کاهش بدهی)") | H13: =SUMIFS('دریافت‌ها'!$C$5:$C$34,'دریافت‌ها'!$B$5:$B$34,A13) | I13: =SUMIFS('تعدیل‌ها'!$D$5:$D$24,'تعدیل‌ها'!$B$5:$B$24,A13,'تعدیل‌ها'!$C$5:$C$24,"استرداد وجه") | J13: =B13+C13+D13+E13+F13-G13-H13+I13 | K13: =IF(J13>0,"بدهکار",IF(J13<0,"بستانکار","تسویه"))
A14: جمع | B14: =SUM(B5:B13) | C14: =SUM(C5:C13) | D14: =SUM(D5:D13) | E14: =SUM(E5:E13) | F14: =SUM(F5:F13) | G14: =SUM(G5:G13) | H14: =SUM(H5:H13) | I14: =SUM(I5:I13) | J14: =SUM(J5:J13)

Sheet صندوق‌ها
A1: صندوق‌های عملیاتی و اندوخته
A2: مانده صندوق = افتتاحیه + شارژها ± تعدیل‌ها − هزینه‌ها ± انتقال‌ها
A4: عنوان | B4: عملیاتی | C4: اندوخته | D4: جمع
A5: مانده افتتاحیه | B5: ='افتتاحیه'!B8 | C5: ='افتتاحیه'!B6 | D5: =B5+C5
A6: شارژ واحدها | B6: =SUMIFS('سطرهای تسهیم'!$E$5:$E$33,'سطرهای تسهیم'!$F$5:$F$33,B$4) | C6: =SUMIFS('سطرهای تسهیم'!$E$5:$E$33,'سطرهای تسهیم'!$F$5:$F$33,C$4) | D6: =B6+C6
A7: تعدیل بدهکار | B7: =SUMIFS('تعدیل‌ها'!$D$5:$D$24,'تعدیل‌ها'!$E$5:$E$24,B$4,'تعدیل‌ها'!$C$5:$C$24,"بدهکار (افزایش بدهی)") | C7: =SUMIFS('تعدیل‌ها'!$D$5:$D$24,'تعدیل‌ها'!$E$5:$E$24,C$4,'تعدیل‌ها'!$C$5:$C$24,"بدهکار (افزایش بدهی)") | D7: =B7+C7
A8: تعدیل بستانکار (−) | B8: =-SUMIFS('تعدیل‌ها'!$D$5:$D$24,'تعدیل‌ها'!$E$5:$E$24,B$4,'تعدیل‌ها'!$C$5:$C$24,"بستانکار (کاهش بدهی)") | C8: =-SUMIFS('تعدیل‌ها'!$D$5:$D$24,'تعدیل‌ها'!$E$5:$E$24,C$4,'تعدیل‌ها'!$C$5:$C$24,"بستانکار (کاهش بدهی)") | D8: =B8+C8
A9: هزینه‌ها (−) | B9: =-SUMIFS('هزینه‌ها'!$F$5:$F$16,'هزینه‌ها'!$H$5:$H$16,B$4) | C9: =-SUMIFS('هزینه‌ها'!$F$5:$F$16,'هزینه‌ها'!$H$5:$H$16,C$4) | D9: =B9+C9
A10: انتقال ورودی | B10: =SUMIFS('انتقال‌ها'!$D$5:$D$14,'انتقال‌ها'!$C$5:$C$14,B$4) | C10: =SUMIFS('انتقال‌ها'!$D$5:$D$14,'انتقال‌ها'!$C$5:$C$14,C$4) | D10: =B10+C10
A11: انتقال خروجی (−) | B11: =-SUMIFS('انتقال‌ها'!$D$5:$D$14,'انتقال‌ها'!$B$5:$B$14,B$4) | C11: =-SUMIFS('انتقال‌ها'!$D$5:$D$14,'انتقال‌ها'!$B$5:$B$14,C$4) | D11: =B11+C11
A12: مانده پایانی | B12: =SUM(B5:B11) | C12: =SUM(C5:C11) | D12: =SUM(D5:D11)

Sheet خلاصه ماهانه
A1: خلاصه ماهانه و تطبیق
A2: بدهی ساکنان (مطالبات) با موجودی نقد ساختمان متفاوت است.
A4: موجودی نقد | D4: هزینه‌ها به تفکیک دسته
A5: موجودی نقد افتتاحیه | B5: ='افتتاحیه'!B5 | D5: دسته | E5: هزینه ثبت‌شده | F5: شارژ تسهیم‌شده
A6: دریافت از واحدها | B6: =SUM('دریافت‌ها'!C5:C34) | D6: ='دسته‌ها'!A5 | E6: =SUMIFS('هزینه‌ها'!$F$5:$F$16,'هزینه‌ها'!$D$5:$D$16,D6) | F6: =SUMIFS('محاسبه تسهیم'!$Q$5:$Q$265,'محاسبه تسهیم'!$S$5:$S$265,D6)
A7: پرداخت به تامین‌کنندگان | B7: =-SUM('پرداخت‌ها'!C5:C34) | D7: ='دسته‌ها'!A6 | E7: =SUMIFS('هزینه‌ها'!$F$5:$F$16,'هزینه‌ها'!$D$5:$D$16,D7) | F7: =SUMIFS('محاسبه تسهیم'!$Q$5:$Q$265,'محاسبه تسهیم'!$S$5:$S$265,D7)
A8: استرداد وجه | B8: =-SUMIFS('تعدیل‌ها'!$D$5:$D$24,'تعدیل‌ها'!$C$5:$C$24,"استرداد وجه") | D8: ='دسته‌ها'!A7 | E8: =SUMIFS('هزینه‌ها'!$F$5:$F$16,'هزینه‌ها'!$D$5:$D$16,D8) | F8: =SUMIFS('محاسبه تسهیم'!$Q$5:$Q$265,'محاسبه تسهیم'!$S$5:$S$265,D8)
A9: موجودی نقد پایانی | B9: =SUM(B5:B8) | D9: ='دسته‌ها'!A8 | E9: =SUMIFS('هزینه‌ها'!$F$5:$F$16,'هزینه‌ها'!$D$5:$D$16,D9) | F9: =SUMIFS('محاسبه تسهیم'!$Q$5:$Q$265,'محاسبه تسهیم'!$S$5:$S$265,D9)
D10: ='دسته‌ها'!A9 | E10: =SUMIFS('هزینه‌ها'!$F$5:$F$16,'هزینه‌ها'!$D$5:$D$16,D10) | F10: =SUMIFS('محاسبه تسهیم'!$Q$5:$Q$265,'محاسبه تسهیم'!$S$5:$S$265,D10)
A11: وضعیت مالی | D11: ='دسته‌ها'!A10 | E11: =SUMIFS('هزینه‌ها'!$F$5:$F$16,'هزینه‌ها'!$D$5:$D$16,D11) | F11: =SUMIFS('محاسبه تسهیم'!$Q$5:$Q$265,'محاسبه تسهیم'!$S$5:$S$265,D11)
A12: مطالبات از واحدها (خالص) | B12: ='مانده واحدها'!$J$14 | D12: ='دسته‌ها'!A11 | E12: =SUMIFS('هزینه‌ها'!$F$5:$F$16,'هزینه‌ها'!$D$5:$D$16,D12) | F12: =SUMIFS('محاسبه تسهیم'!$Q$5:$Q$265,'محاسبه تسهیم'!$S$5:$S$265,D12)
A13: بدهی به تامین‌کنندگان | B13: ='افتتاحیه'!B7+'هزینه‌ها'!F17-SUM('پرداخت‌ها'!C5:C34) | D13: ='دسته‌ها'!A12 | E13: =SUMIFS('هزینه‌ها'!$F$5:$F$16,'هزینه‌ها'!$D$5:$D$16,D13) | F13: =SUMIFS('محاسبه تسهیم'!$Q$5:$Q$265,'محاسبه تسهیم'!$S$5:$S$265,D13)
A14: مانده صندوق عملیاتی | B14: ='صندوق‌ها'!B12 | D14: ='دسته‌ها'!A13 | E14: =SUMIFS('هزینه‌ها'!$F$5:$F$16,'هزینه‌ها'!$D$5:$D$16,D14) | F14: =SUMIFS('محاسبه تسهیم'!$Q$5:$Q$265,'محاسبه تسهیم'!$S$5:$S$265,D14)
A15: مانده صندوق اندوخته | B15: ='صندوق‌ها'!C12 | D15: ='دسته‌ها'!A14 | E15: =SUMIFS('هزینه‌ها'!$F$5:$F$16,'هزینه‌ها'!$D$5:$D$16,D15) | F15: =SUMIFS('محاسبه تسهیم'!$Q$5:$Q$265,'محاسبه تسهیم'!$S$5:$S$265,D15)
A16: تطبیق: نقد + مطالبات − بدهی − صندوق‌ها (باید ۰ باشد) | B16: =B9+B12-B13-B14-B15 | D16: ='دسته‌ها'!A15 | E16: =SUMIFS('هزینه‌ها'!$F$5:$F$16,'هزینه‌ها'!$D$5:$D$16,D16) | F16: =SUMIFS('محاسبه تسهیم'!$Q$5:$Q$265,'محاسبه تسهیم'!$S$5:$S$265,D16)
D17: ='دسته‌ها'!A16 | E17: =SUMIFS('هزینه‌ها'!$F$5:$F$16,'هزینه‌ها'!$D$5:$D$16,D17) | F17: =SUMIFS('محاسبه تسهیم'!$Q$5:$Q$265,'محاسبه تسهیم'!$S$5:$S$265,D17)
A18: آب | D18: ='دسته‌ها'!A17 | E18: =SUMIFS('هزینه‌ها'!$F$5:$F$16,'هزینه‌ها'!$D$5:$D$16,D18) | F18: =SUMIFS('محاسبه تسهیم'!$Q$5:$Q$265,'محاسبه تسهیم'!$S$5:$S$265,D18)
A19: مصرف کنتور اصلی (m³) | B19: ='کنتورها'!$M$5 | D19: ='دسته‌ها'!A18 | E19: =SUMIFS('هزینه‌ها'!$F$5:$F$16,'هزینه‌ها'!$D$5:$D$16,D19) | F19: =SUMIFS('محاسبه تسهیم'!$Q$5:$Q$265,'محاسبه تسهیم'!$S$5:$S$265,D19)
A20: مجموع کنتورهای واحد (m³) | B20: ='کنتورها'!$M$6 | D20: ='دسته‌ها'!A19 | E20: =SUMIFS('هزینه‌ها'!$F$5:$F$16,'هزینه‌ها'!$D$5:$D$16,D20) | F20: =SUMIFS('محاسبه تسهیم'!$Q$5:$Q$265,'محاسبه تسهیم'!$S$5:$S$265,D20)
A21: مصرف تخصیص‌نیافته (m³) | B21: ='کنتورها'!$M$7 | D21: جمع | E21: =SUM(E6:E20) | F21: =SUM(F6:F20)

Sheet کنترل‌ها
A1: کنترل‌های یکپارچگی و سناریوهای آزمون
A2: مقادیر مورد انتظار با پیاده‌سازی مستقل (کسر دقیق) محاسبه و در آزمون کاتلین هم بررسی شده‌اند.
A4: کنترل / سناریو | B4: مقدار محاسبه‌شده | C4: مقدار مورد انتظار | D4: نتیجه
A5: جمع اختلاف سطرهای تسهیم با مبلغ سطر (باید ۰) | B5: =SUMPRODUCT(ABS('ریز شارژ'!N5:N33)) | C5: 0 | D5: =IF(B5=C5,"درست","نادرست")
A6: تطبیق ترازنامه (نقد + مطالبات − بدهی − صندوق‌ها) | B6: ='خلاصه ماهانه'!B16 | C6: 0 | D6: =IF(B6=C6,"درست","نادرست")
A7: مانده نقد دفتر صندوق = خلاصه | B7: ='دفتر صندوق'!$H$86-'خلاصه ماهانه'!B9 | C7: 0 | D7: =IF(B7=C7,"درست","نادرست")
A8: تعداد خطای قرائت کنتور | B8: ='کنتورها'!$M$9 | C8: 0 | D8: =IF(B8=C8,"درست","نادرست")
A9: تعداد قرائت ناقص | B9: ='کنتورها'!$M$10 | C9: 0 | D9: =IF(B9=C9,"درست","نادرست")
A10: سهم مشترک آب منفی نیست (۱=درست) | B10: =IF('کنتورها'!$M$7>=0,1,0) | C10: 1 | D10: =IF(B10=C10,"درست","نادرست")
A11: سطر با مبلغ و بدون وزن (تسهیم‌نشده) | B11: =COUNTIFS('سطرهای تسهیم'!E5:E33,">0",'سطرهای تسهیم'!I5:I33,0) | C11: 0 | D11: =IF(B11=C11,"درست","نادرست")
A12: مبلغ صریح: اختلاف جمع ردیف با مبلغ هزینه | B12: =SUMPRODUCT(('هزینه‌ها'!G5:G16="مبلغ صریح")*ABS('هزینه‌ها'!F5:F16-'وزن‌ها'!K5:K16)) | C12: 0 | D12: =IF(B12=C12,"درست","نادرست")
A13: تعدیل بدون دلیل | B13: =SUMPRODUCT(('تعدیل‌ها'!D5:D24>0)*('تعدیل‌ها'!F5:F24="")) | C13: 0 | D13: =IF(B13=C13,"درست","نادرست")
A14: پرداخت مازاد به تامین‌کننده | B14: =COUNTIF('هزینه‌ها'!L5:L16,"پرداخت مازاد!") | C14: 0 | D14: =IF(B14=C14,"درست","نادرست")
A15: مصرف تخصیص‌نیافته آب (لیتر) | B15: =ROUND('کنتورها'!$M$7*1000,0) | C15: 26500 | D15: =IF(B15=C15,"درست","نادرست")
A16: مانده پایانی نقد | B16: ='دفتر صندوق'!$H$86 | C16: 69000000 | D16: =IF(B16=C16,"درست","نادرست")
A17: مانده صندوق عملیاتی | B17: ='صندوق‌ها'!B12 | C17: 15400000 | D17: =IF(B17=C17,"درست","نادرست")
A18: مانده صندوق اندوخته | B18: ='صندوق‌ها'!C12 | C18: 51000000 | D18: =IF(B18=C18,"درست","نادرست")
A19: بدهی به تامین‌کنندگان | B19: ='خلاصه ماهانه'!B13 | C19: 24000000 | D19: =IF(B19=C19,"درست","نادرست")
A20: جمع شارژ واحد 1-1 | B20: =SUMIFS('محاسبه تسهیم'!$Q$5:$Q$265,'محاسبه تسهیم'!$C$5:$C$265,"1-1") | C20: 4902000 | D20: =IF(B20=C20,"درست","نادرست")
A21: مانده پایانی واحد 1-1 | B21: ='مانده واحدها'!J5 | C21: 1902000 | D21: =IF(B21=C21,"درست","نادرست")
A22: جمع شارژ واحد 1-2 | B22: =SUMIFS('محاسبه تسهیم'!$Q$5:$Q$265,'محاسبه تسهیم'!$C$5:$C$265,"1-2") | C22: 2971000 | D22: =IF(B22=C22,"درست","نادرست")
A23: مانده پایانی واحد 1-2 | B23: ='مانده واحدها'!J6 | C23: 1871000 | D23: =IF(B23=C23,"درست","نادرست")
A24: جمع شارژ واحد 1-3 | B24: =SUMIFS('محاسبه تسهیم'!$Q$5:$Q$265,'محاسبه تسهیم'!$C$5:$C$265,"1-3") | C24: 4385000 | D24: =IF(B24=C24,"درست","نادرست")
A25: مانده پایانی واحد 1-3 | B25: ='مانده واحدها'!J7 | C25: 4385000 | D25: =IF(B25=C25,"درست","نادرست")
A26: جمع شارژ واحد 2-1 | B26: =SUMIFS('محاسبه تسهیم'!$Q$5:$Q$265,'محاسبه تسهیم'!$C$5:$C$265,"2-1") | C26: 9862000 | D26: =IF(B26=C26,"درست","نادرست")
A27: مانده پایانی واحد 2-1 | B27: ='مانده واحدها'!J8 | C27: 862000 | D27: =IF(B27=C27,"درست","نادرست")
A28: جمع شارژ واحد 2-2 | B28: =SUMIFS('محاسبه تسهیم'!$Q$5:$Q$265,'محاسبه تسهیم'!$C$5:$C$265,"2-2") | C28: 5789000 | D28: =IF(B28=C28,"درست","نادرست")
A29: مانده پایانی واحد 2-2 | B29: ='مانده واحدها'!J9 | C29: 1289000 | D29: =IF(B29=C29,"درست","نادرست")
A30: جمع شارژ واحد 3-1 | B30: =SUMIFS('محاسبه تسهیم'!$Q$5:$Q$265,'محاسبه تسهیم'!$C$5:$C$265,"3-1") | C30: 9930000 | D30: =IF(B30=C30,"درست","نادرست")
A31: مانده پایانی واحد 3-1 | B31: ='مانده واحدها'!J10 | C31: -70000 | D31: =IF(B31=C31,"درست","نادرست")
A32: جمع شارژ واحد 3-2 | B32: =SUMIFS('محاسبه تسهیم'!$Q$5:$Q$265,'محاسبه تسهیم'!$C$5:$C$265,"3-2") | C32: 7168000 | D32: =IF(B32=C32,"درست","نادرست")
A33: مانده پایانی واحد 3-2 | B33: ='مانده واحدها'!J11 | C33: 3168000 | D33: =IF(B33=C33,"درست","نادرست")
A34: جمع شارژ واحد 4-1 | B34: =SUMIFS('محاسبه تسهیم'!$Q$5:$Q$265,'محاسبه تسهیم'!$C$5:$C$265,"4-1") | C34: 9678000 | D34: =IF(B34=C34,"درست","نادرست")
A35: مانده پایانی واحد 4-1 | B35: ='مانده واحدها'!J12 | C35: 4678000 | D35: =IF(B35=C35,"درست","نادرست")
A36: جمع شارژ واحد 4-2 | B36: =SUMIFS('محاسبه تسهیم'!$Q$5:$Q$265,'محاسبه تسهیم'!$C$5:$C$265,"4-2") | C36: 7915000 | D36: =IF(B36=C36,"درست","نادرست")
A37: مانده پایانی واحد 4-2 | B37: ='مانده واحدها'!J13 | C37: 3315000 | D37: =IF(B37=C37,"درست","نادرست")
A38: سهم 3-1 از E1 (نفر) | B38: =SUMIFS('محاسبه تسهیم'!$Q$5:$Q$265,'محاسبه تسهیم'!$A$5:$A$265,"L1",'محاسبه تسهیم'!$C$5:$C$265,"3-1") | C38: 1731000 | D38: =IF(B38=C38,"درست","نادرست")
A39: سهم 1-1 از E3 (متراژ) | B39: =SUMIFS('محاسبه تسهیم'!$Q$5:$Q$265,'محاسبه تسهیم'!$A$5:$A$265,"L5",'محاسبه تسهیم'!$C$5:$C$265,"1-1") | C39: 751000 | D39: =IF(B39=C39,"درست","نادرست")
A40: سهم 1-2 از E4-a (مصرف) | B40: =SUMIFS('محاسبه تسهیم'!$Q$5:$Q$265,'محاسبه تسهیم'!$A$5:$A$265,"L7",'محاسبه تسهیم'!$C$5:$C$265,"1-2") | C40: 0 | D40: =IF(B40=C40,"درست","نادرست")
A41: سهم 1-1 از E4-b (مساوی) | B41: =SUMIFS('محاسبه تسهیم'!$Q$5:$Q$265,'محاسبه تسهیم'!$A$5:$A$265,"L8",'محاسبه تسهیم'!$C$5:$C$265,"1-1") | C41: 374000 | D41: =IF(B41=C41,"درست","نادرست")
A42: سهم 3-1 از E5 (پارکینگ (در استفاده)) | B42: =SUMIFS('محاسبه تسهیم'!$Q$5:$Q$265,'محاسبه تسهیم'!$A$5:$A$265,"L9",'محاسبه تسهیم'!$C$5:$C$265,"3-1") | C42: 533000 | D42: =IF(B42=C42,"درست","نادرست")
A43: سهم 4-2 از E6 (وزنی) | B43: =SUMIFS('محاسبه تسهیم'!$Q$5:$Q$265,'محاسبه تسهیم'!$A$5:$A$265,"L11",'محاسبه تسهیم'!$C$5:$C$265,"4-2") | C43: 1500000 | D43: =IF(B43=C43,"درست","نادرست")
A44: سهم 2-1 از E7 (مبلغ صریح) | B44: =SUMIFS('محاسبه تسهیم'!$Q$5:$Q$265,'محاسبه تسهیم'!$A$5:$A$265,"L13",'محاسبه تسهیم'!$C$5:$C$265,"2-1") | C44: 1500000 | D44: =IF(B44=C44,"درست","نادرست")
A46: همه کنترل‌ها | D46: =IF(COUNTIF(D5:D44,"درست")=40,"درست","نادرست")
A47: مقادیر «مورد انتظار» ثابت‌اند و فقط برای همین داده نمونه معتبرند؛ با تغییر ورودی‌ها انتظار می‌رود برخی سناریوها «نادرست» شوند.

Sheet فهرست‌ها
A1: فهرست‌های مرجع (برای اعتبارسنجی ورودی‌ها)
A3: مبنای تسهیم | C3: بله/خیر | E3: صندوق | G3: نوع رابطه پارکینگ | I3: نوع تعدیل | K3: نقش کنتور | M3: روش پرداخت
A4: مساوی | C4: بله | E4: عملیاتی | G4: مالکیت | I4: بستانکار (کاهش بدهی) | K4: اصلی | M4: نقد
A5: نفر | C5: خیر | E5: اندوخته | G5: تخصیص | I5: بدهکار (افزایش بدهی) | K5: واحد | M5: کارت به کارت
A6: متراژ | G6: اجاره | I6: استرداد وجه | M6: واریز بانکی
A7: مصرف | M7: چک
A8: مصرف + سهم مشترک
A9: وزنی
A10: مبلغ صریح
A11: پارکینگ (همه)
A12: پارکینگ (در استفاده)
A13: بدون تسهیم (صندوق)
